id,homeTeam,homeTeamImage,awayTeam,awayTeamImage,scoreHome,scoreAway,pointsHome,pointsAway,referee,stadium,capacity,public,date,time,country,round
hKYvTCy6,Guarani,https://static.flashscore.com/res/image/data/nVW3uzAr-bXbOazea.png,CRB,https://static.flashscore.com/res/image/data/QuqDEgh5-8z8OC8Ik.png,2,1,3,0,Wagner do Nascimento (Bra),Estádio Brinco de Ouro (Campinas),29130.0,3168.0,14/10/2024,21:00,BRASIL,SÉRIE B - RODADA 31
2qL0pE6t,Brusque,https://static.flashscore.com/res/image/data/4xrDsqil-Gjdd0gEp.png,Ituano,https://static.flashscore.com/res/image/data/8xrvrrCa-GKJk5gu7.png,1,0,3,0,L. Torezin (Bra),Augusto Bauer (Brusque),5000.0,4841.0,14/10/2024,18:30,BRASIL,SÉRIE B - RODADA 31
AeqzUhMa,Goiás,https://static.flashscore.com/res/image/data/xd3edbeM-G2OQQubE.png,Vila Nova,https://static.flashscore.com/res/image/data/GMMaJNh5-nRWjgPsO.png,0,1,0,3,Anderson Daronco (Bra),Estádio da Serrinha (Goiânia),14450.0,11371.0,13/10/2024,18:30,BRASIL,SÉRIE B - RODADA 31
d6K4qYLn,Coritiba,https://static.flashscore.com/res/image/data/xKm8lie5-8f6Hj6B0.png,Amazonas,https://static.flashscore.com/res/image/data/AwwuFEYA-S2JgYHKO.png,3,1,3,0,M. Henrique (Bra),Estádio Couto Pereira (Curitiba),40502.0,14691.0,13/10/2024,16:00,BRASIL,SÉRIE B - RODADA 31
WAXrSWjC,Botafogo-SP,https://static.flashscore.com/res/image/data/lduff8Ca-jF5yTdXD.png,Operário,https://static.flashscore.com/res/image/data/IBwiT7Da-j1A6VkgC.png,0,0,1,1,M. Lima Barbosa (Bra),Estádio Santa Cruz (Ribeirão Preto),29292.0,2140.0,12/10/2024,21:30,BRASIL,SÉRIE B - RODADA 31
vyyiQALO,Santos,https://static.flashscore.com/res/image/data/rJGaKUhl-ALgHCh57.png,Mirassol,https://static.flashscore.com/res/image/data/SUmYTyAr-xxPxlUp4.png,3,2,3,0,Bauermann G. (Bra),Vila Belmiro (Santos),16068.0,11816.0,12/10/2024,18:30,BRASIL,SÉRIE B - RODADA 31
hYDDsCja,Ceará,https://static.flashscore.com/res/image/data/lO0NK6f5-d29WsioJ.png,Ponte Preta,https://static.flashscore.com/res/image/data/UVeNVSBr-4S2Tm4eJ.png,1,0,3,0,Alisson (Bra),Castelão (Fortaleza),60326.0,30240.0,12/10/2024,17:00,BRASIL,SÉRIE B - RODADA 31
ttFZlfbP,Avaí,https://static.flashscore.com/res/image/data/tGpYsdYg-2LNvhL4k.png,América-MG,https://static.flashscore.com/res/image/data/Eut0HLfM-nHqWQgSo.png,2,2,1,1,Klein R. (Bra),Ressacada (Florianópolis),17800.0,,11/10/2024,21:00,BRASIL,SÉRIE B - RODADA 31
0pxmRj6I,Novorizontino,https://static.flashscore.com/res/image/data/nuFzysBr-vFrLaFel.png,Sport,https://static.flashscore.com/res/image/data/O0aua6ZA-G2OQQubE.png,1,3,0,3,B. Arleu (Bra),Estádio Dr. Jorge Ismael de Biasi (Novo Horizonte),14096.0,,11/10/2024,18:30,BRASIL,SÉRIE B - RODADA 31
zcJ8rhyg,Paysandu,https://static.flashscore.com/res/image/data/OY3H2Kf5-Ui9AU98I.png,Chapecoense,https://static.flashscore.com/res/image/data/v9EKoUeM-ALatFnbP.png,2,0,3,0,Wagner do Nascimento (Bra),Leonidas Sodre de Castro (Belem),16200.0,10878.0,09/10/2024,21:00,BRASIL,SÉRIE B - RODADA 31
SKP4Yhee,Botafogo-SP,https://static.flashscore.com/res/image/data/lduff8Ca-jF5yTdXD.png,Guarani,https://static.flashscore.com/res/image/data/nVW3uzAr-bXbOazea.png,3,2,3,0,Vitor Gobi J. (Bra),Estádio Santa Cruz (Ribeirão Preto),29292.0,2641.0,09/10/2024,20:00,BRASIL,SÉRIE B - RODADA 23
OOh0HFxf,Goiás,https://static.flashscore.com/res/image/data/xd3edbeM-G2OQQubE.png,Santos,https://static.flashscore.com/res/image/data/rJGaKUhl-ALgHCh57.png,3,1,3,0,Marcelo de Lima (Bra),Estádio da Serrinha (Goiânia),14450.0,8309.0,07/10/2024,21:00,BRASIL,SÉRIE B - RODADA 30
dhuWUY6g,Sport,https://static.flashscore.com/res/image/data/O0aua6ZA-G2OQQubE.png,Ceará,https://static.flashscore.com/res/image/data/lO0NK6f5-d29WsioJ.png,2,1,3,0,Wilton Sampaio (Bra),Estádio Adelmar da Costa Carvalho (Recife),26418.0,26345.0,07/10/2024,21:00,BRASIL,SÉRIE B - RODADA 30
Wld8Fg76,Mirassol,https://static.flashscore.com/res/image/data/SUmYTyAr-xxPxlUp4.png,Vila Nova,https://static.flashscore.com/res/image/data/GMMaJNh5-nRWjgPsO.png,1,0,3,0,J. Pinheiro (Bra),Estádio José Maria de Campos Maia (Mirassol),15000.0,5594.0,05/10/2024,18:00,BRASIL,SÉRIE B - RODADA 30
EDoDEDMC,Ituano,https://static.flashscore.com/res/image/data/8xrvrrCa-GKJk5gu7.png,Guarani,https://static.flashscore.com/res/image/data/nVW3uzAr-bXbOazea.png,1,0,3,0,Bellote L. (Bra),Estádio Novelli Júnior (Itu),18560.0,2744.0,05/10/2024,17:00,BRASIL,SÉRIE B - RODADA 30
hbc4GZi0,Ponte Preta,https://static.flashscore.com/res/image/data/UVeNVSBr-4S2Tm4eJ.png,Botafogo-SP,https://static.flashscore.com/res/image/data/lduff8Ca-jF5yTdXD.png,1,0,3,0,E. Alves Batista (Bra),Moisés Lucarelli (Campinas),17728.0,3564.0,05/10/2024,17:00,BRASIL,SÉRIE B - RODADA 30
2VuSVEim,Amazonas,https://static.flashscore.com/res/image/data/AwwuFEYA-S2JgYHKO.png,Novorizontino,https://static.flashscore.com/res/image/data/nuFzysBr-vFrLaFel.png,1,0,3,0,F. A. Santos Sá Júnior (Bra),Estádio Municipal Carlos Zamith (Manaus),6500.0,1834.0,04/10/2024,21:30,BRASIL,SÉRIE B - RODADA 30
tKwaxHEJ,Avaí,https://static.flashscore.com/res/image/data/tGpYsdYg-2LNvhL4k.png,Brusque,https://static.flashscore.com/res/image/data/4xrDsqil-Gjdd0gEp.png,0,0,1,1,Pereira Sampiao S. (Bra),Ressacada (Florianópolis),17800.0,4324.0,04/10/2024,21:30,BRASIL,SÉRIE B - RODADA 30
KAx3yyUP,CRB,https://static.flashscore.com/res/image/data/QuqDEgh5-8z8OC8Ik.png,Paysandu,https://static.flashscore.com/res/image/data/OY3H2Kf5-Ui9AU98I.png,3,2,3,0,J. Ferreira (Bra),Estádio Rei Pelé (Maceió),19105.0,7835.0,04/10/2024,20:00,BRASIL,SÉRIE B - RODADA 30
SGkHDXyJ,América-MG,https://static.flashscore.com/res/image/data/Eut0HLfM-nHqWQgSo.png,Coritiba,https://static.flashscore.com/res/image/data/xKm8lie5-8f6Hj6B0.png,2,1,3,0,Ribeiro Serafim D. (Bra),Mineirão (Belo Horizonte),61927.0,1992.0,04/10/2024,19:00,BRASIL,SÉRIE B - RODADA 30
OvsOWfxs,Operário,https://static.flashscore.com/res/image/data/IBwiT7Da-j1A6VkgC.png,Chapecoense,https://static.flashscore.com/res/image/data/v9EKoUeM-ALatFnbP.png,3,2,3,0,Correia B. (Bra),Estádio Germano Krüger (Ponta Grossa),10632.0,2497.0,03/10/2024,21:30,BRASIL,SÉRIE B - RODADA 30
dEhLGrnq,Guarani,https://static.flashscore.com/res/image/data/nVW3uzAr-bXbOazea.png,Avaí,https://static.flashscore.com/res/image/data/tGpYsdYg-2LNvhL4k.png,0,0,1,1,Ferreira Y. (Bra),Estádio Brinco de Ouro (Campinas),29130.0,2880.0,30/09/2024,21:30,BRASIL,SÉRIE B - RODADA 29
4vdTEMGe,Novorizontino,https://static.flashscore.com/res/image/data/nuFzysBr-vFrLaFel.png,Ponte Preta,https://static.flashscore.com/res/image/data/UVeNVSBr-4S2Tm4eJ.png,2,1,3,0,F. Fernandes de Lima (Bra),Estádio Dr. Jorge Ismael de Biasi (Novo Horizonte),14096.0,4849.0,30/09/2024,21:00,BRASIL,SÉRIE B - RODADA 29
AHdPF21k,Mirassol,https://static.flashscore.com/res/image/data/SUmYTyAr-xxPxlUp4.png,Sport,https://static.flashscore.com/res/image/data/O0aua6ZA-G2OQQubE.png,0,0,1,1,Pereira Sampiao S. (Bra),Estádio José Maria de Campos Maia (Mirassol),15000.0,7417.0,29/09/2024,18:30,BRASIL,SÉRIE B - RODADA 29
bwwKypO8,CRB,https://static.flashscore.com/res/image/data/QuqDEgh5-8z8OC8Ik.png,América-MG,https://static.flashscore.com/res/image/data/Eut0HLfM-nHqWQgSo.png,2,1,3,0,Augusto V. C. M. (Bra),Estádio Rei Pelé (Maceió),19105.0,4271.0,29/09/2024,16:00,BRASIL,SÉRIE B - RODADA 29
rVfXDtW1,Santos,https://static.flashscore.com/res/image/data/rJGaKUhl-ALgHCh57.png,Operário,https://static.flashscore.com/res/image/data/IBwiT7Da-j1A6VkgC.png,1,0,3,0,J. Pinheiro (Bra),Vila Belmiro (Santos),16068.0,9938.0,28/09/2024,18:00,BRASIL,SÉRIE B - RODADA 29
jXFhLOwS,Vila Nova,https://static.flashscore.com/res/image/data/GMMaJNh5-nRWjgPsO.png,Botafogo-SP,https://static.flashscore.com/res/image/data/lduff8Ca-jF5yTdXD.png,1,1,1,1,Carlos da Silva Narciso J. (Bra),Estádio Onésio Brasileiro Alvarenga (Goiânia),11788.0,6235.0,28/09/2024,17:00,BRASIL,SÉRIE B - RODADA 29
h0xOz4wF,Coritiba,https://static.flashscore.com/res/image/data/xKm8lie5-8f6Hj6B0.png,Goiás,https://static.flashscore.com/res/image/data/xd3edbeM-G2OQQubE.png,0,0,1,1,de Almeida Andrade E. R. (Bra),Estádio Couto Pereira (Curitiba),40502.0,21081.0,27/09/2024,21:30,BRASIL,SÉRIE B - RODADA 29
294iJy8s,Paysandu,https://static.flashscore.com/res/image/data/OY3H2Kf5-Ui9AU98I.png,Ituano,https://static.flashscore.com/res/image/data/8xrvrrCa-GKJk5gu7.png,1,0,3,0,L. Torezin (Bra),Leonidas Sodre de Castro (Belem),16200.0,6599.0,27/09/2024,21:30,BRASIL,SÉRIE B - RODADA 29
pYgdIeNm,Ceará,https://static.flashscore.com/res/image/data/lO0NK6f5-d29WsioJ.png,Brusque,https://static.flashscore.com/res/image/data/4xrDsqil-Gjdd0gEp.png,1,0,3,0,Guimaraes L. (Bra),Castelão (Fortaleza),60326.0,45075.0,27/09/2024,19:00,BRASIL,SÉRIE B - RODADA 29
KnvGxQ82,Chapecoense,https://static.flashscore.com/res/image/data/v9EKoUeM-ALatFnbP.png,Amazonas,https://static.flashscore.com/res/image/data/AwwuFEYA-S2JgYHKO.png,2,0,3,0,P. Belence Alves dos Prazeres Filho (Bra),Arena Condá (Chapecó),20089.0,2966.0,26/09/2024,19:00,BRASIL,SÉRIE B - RODADA 29
YHSs3PHq,Botafogo-SP,https://static.flashscore.com/res/image/data/lduff8Ca-jF5yTdXD.png,CRB,https://static.flashscore.com/res/image/data/QuqDEgh5-8z8OC8Ik.png,0,0,1,1,Wagner do Nascimento (Bra),Estádio Santa Cruz (Ribeirão Preto),29292.0,1338.0,24/09/2024,21:30,BRASIL,SÉRIE B - RODADA 28
W8tG759S,Ponte Preta,https://static.flashscore.com/res/image/data/UVeNVSBr-4S2Tm4eJ.png,América-MG,https://static.flashscore.com/res/image/data/Eut0HLfM-nHqWQgSo.png,0,2,0,3,J. Pinheiro (Bra),Moisés Lucarelli (Campinas),17728.0,3008.0,24/09/2024,21:30,BRASIL,SÉRIE B - RODADA 28
vF3sOQg9,Operário,https://static.flashscore.com/res/image/data/IBwiT7Da-j1A6VkgC.png,Guarani,https://static.flashscore.com/res/image/data/nVW3uzAr-bXbOazea.png,1,0,3,0,P. Vollkopf (Bra),Estádio Germano Krüger (Ponta Grossa),10632.0,3511.0,24/09/2024,19:00,BRASIL,SÉRIE B - RODADA 28
djExP6v3,Brusque,https://static.flashscore.com/res/image/data/4xrDsqil-Gjdd0gEp.png,Amazonas,https://static.flashscore.com/res/image/data/AwwuFEYA-S2JgYHKO.png,1,0,3,0,Padovani Andrade D. J. (Bra),Estádio Doutor Hercílio Luz (Itajaí),6010.0,468.0,23/09/2024,21:30,BRASIL,SÉRIE B - RODADA 28
UqMj13nd,Santos,https://static.flashscore.com/res/image/data/rJGaKUhl-ALgHCh57.png,Novorizontino,https://static.flashscore.com/res/image/data/nuFzysBr-vFrLaFel.png,1,1,1,1,A. Gomes Stefano (Bra),Vila Belmiro (Santos),16068.0,11119.0,23/09/2024,21:00,BRASIL,SÉRIE B - RODADA 28
I52oNp9F,Paysandu,https://static.flashscore.com/res/image/data/OY3H2Kf5-Ui9AU98I.png,Sport,https://static.flashscore.com/res/image/data/O0aua6ZA-G2OQQubE.png,0,1,0,3,Policarpo Bento A. (Bra),Leonidas Sodre de Castro (Belem),16200.0,6599.0,23/09/2024,18:30,BRASIL,SÉRIE B - RODADA 28
CtHlM4OL,Ceará,https://static.flashscore.com/res/image/data/lO0NK6f5-d29WsioJ.png,Vila Nova,https://static.flashscore.com/res/image/data/GMMaJNh5-nRWjgPsO.png,4,0,3,0,Ferreira Y. (Bra),Castelão (Fortaleza),60326.0,16765.0,22/09/2024,18:30,BRASIL,SÉRIE B - RODADA 28
rmAYPnPd,Chapecoense,https://static.flashscore.com/res/image/data/v9EKoUeM-ALatFnbP.png,Avaí,https://static.flashscore.com/res/image/data/tGpYsdYg-2LNvhL4k.png,1,0,3,0,Luiz Flávio (Bra),Arena Condá (Chapecó),20089.0,5864.0,22/09/2024,16:00,BRASIL,SÉRIE B - RODADA 28
jgNn2qXk,Ituano,https://static.flashscore.com/res/image/data/8xrvrrCa-GKJk5gu7.png,Coritiba,https://static.flashscore.com/res/image/data/xKm8lie5-8f6Hj6B0.png,0,1,0,3,Correia B. (Bra),Estádio Novelli Júnior (Itu),18560.0,1652.0,21/09/2024,18:00,BRASIL,SÉRIE B - RODADA 28
xnsC8ofM,Goiás,https://static.flashscore.com/res/image/data/xd3edbeM-G2OQQubE.png,Mirassol,https://static.flashscore.com/res/image/data/SUmYTyAr-xxPxlUp4.png,0,1,0,3,L. Guimarães Rechatiko Horn (Bra),Estádio da Serrinha (Goiânia),14450.0,5607.0,21/09/2024,17:00,BRASIL,SÉRIE B - RODADA 28
MFUvAwET,Botafogo-SP,https://static.flashscore.com/res/image/data/lduff8Ca-jF5yTdXD.png,Santos,https://static.flashscore.com/res/image/data/rJGaKUhl-ALgHCh57.png,0,1,0,3,Delgado M. (Bra),Estádio Santa Cruz (Ribeirão Preto),29292.0,7973.0,19/09/2024,21:30,BRASIL,SÉRIE B - RODADA 27
zNpeCTfc,CRB,https://static.flashscore.com/res/image/data/QuqDEgh5-8z8OC8Ik.png,Ponte Preta,https://static.flashscore.com/res/image/data/UVeNVSBr-4S2Tm4eJ.png,0,1,0,3,P. Belence Alves dos Prazeres Filho (Bra),Estádio Rei Pelé (Maceió),19105.0,3065.0,19/09/2024,19:30,BRASIL,SÉRIE B - RODADA 27
hbLA4Hyi,América-MG,https://static.flashscore.com/res/image/data/Eut0HLfM-nHqWQgSo.png,Paysandu,https://static.flashscore.com/res/image/data/OY3H2Kf5-Ui9AU98I.png,2,0,3,0,Anderson Daronco (Bra),Mineirão (Belo Horizonte),61927.0,1176.0,18/09/2024,21:30,BRASIL,SÉRIE B - RODADA 27
4dkaBmA3,Coritiba,https://static.flashscore.com/res/image/data/xKm8lie5-8f6Hj6B0.png,Ceará,https://static.flashscore.com/res/image/data/lO0NK6f5-d29WsioJ.png,3,1,3,0,B. Arleu (Bra),Estádio Couto Pereira (Curitiba),40502.0,10586.0,18/09/2024,21:30,BRASIL,SÉRIE B - RODADA 27
rml3A7P9,Amazonas,https://static.flashscore.com/res/image/data/AwwuFEYA-S2JgYHKO.png,Operário,https://static.flashscore.com/res/image/data/IBwiT7Da-j1A6VkgC.png,2,1,3,0,Mourao P. (Bra),Estádio Municipal Carlos Zamith (Manaus),6500.0,,18/09/2024,21:00,BRASIL,SÉRIE B - RODADA 27
2DEwCaqH,Vila Nova,https://static.flashscore.com/res/image/data/GMMaJNh5-nRWjgPsO.png,Chapecoense,https://static.flashscore.com/res/image/data/v9EKoUeM-ALatFnbP.png,3,2,3,0,F. A. Santos Sá Júnior (Bra),Estádio Onésio Brasileiro Alvarenga (Goiânia),11788.0,6254.0,18/09/2024,19:30,BRASIL,SÉRIE B - RODADA 27
QBw89RvG,Sport,https://static.flashscore.com/res/image/data/O0aua6ZA-G2OQQubE.png,Goiás,https://static.flashscore.com/res/image/data/xd3edbeM-G2OQQubE.png,1,1,1,1,Klein R. (Bra),Arena Pernambuco (São Lourenço da Mata),44248.0,12615.0,18/09/2024,19:00,BRASIL,SÉRIE B - RODADA 27
dWoiD9ui,Avaí,https://static.flashscore.com/res/image/data/tGpYsdYg-2LNvhL4k.png,Ituano,https://static.flashscore.com/res/image/data/8xrvrrCa-GKJk5gu7.png,2,0,3,0,Silva E. (Bra),Ressacada (Florianópolis),17800.0,3850.0,17/09/2024,21:30,BRASIL,SÉRIE B - RODADA 27
rPVzBJbN,Guarani,https://static.flashscore.com/res/image/data/nVW3uzAr-bXbOazea.png,Mirassol,https://static.flashscore.com/res/image/data/SUmYTyAr-xxPxlUp4.png,1,0,3,0,Luiz Flávio (Bra),Estádio Brinco de Ouro (Campinas),29130.0,2280.0,17/09/2024,21:30,BRASIL,SÉRIE B - RODADA 27
veH65cMp,Novorizontino,https://static.flashscore.com/res/image/data/nuFzysBr-vFrLaFel.png,Brusque,https://static.flashscore.com/res/image/data/4xrDsqil-Gjdd0gEp.png,1,0,3,0,M. Lima Barbosa (Bra),Estádio Dr. Jorge Ismael de Biasi (Novo Horizonte),14096.0,4960.0,17/09/2024,19:00,BRASIL,SÉRIE B - RODADA 27
fsOIGNUo,Chapecoense,https://static.flashscore.com/res/image/data/v9EKoUeM-ALatFnbP.png,Ceará,https://static.flashscore.com/res/image/data/lO0NK6f5-d29WsioJ.png,2,1,3,0,L. Silveira (Bra),Arena Condá (Chapecó),20089.0,3482.0,15/09/2024,18:30,BRASIL,SÉRIE B - RODADA 26
OMFZCuUA,Sport,https://static.flashscore.com/res/image/data/O0aua6ZA-G2OQQubE.png,CRB,https://static.flashscore.com/res/image/data/QuqDEgh5-8z8OC8Ik.png,2,0,3,0,Rabelo J. (Bra),Arena Pernambuco (São Lourenço da Mata),44248.0,,15/09/2024,18:30,BRASIL,SÉRIE B - RODADA 26
GdCRE1ab,Operário,https://static.flashscore.com/res/image/data/IBwiT7Da-j1A6VkgC.png,Coritiba,https://static.flashscore.com/res/image/data/xKm8lie5-8f6Hj6B0.png,2,1,3,0,L. Torezin (Bra),Estádio Germano Krüger (Ponta Grossa),10632.0,2391.0,15/09/2024,16:00,BRASIL,SÉRIE B - RODADA 26
6RUzhvho,Santos,https://static.flashscore.com/res/image/data/rJGaKUhl-ALgHCh57.png,América-MG,https://static.flashscore.com/res/image/data/Eut0HLfM-nHqWQgSo.png,2,1,3,0,Marcos André Gomes (Bra),Vila Belmiro (Santos),16068.0,10160.0,15/09/2024,16:00,BRASIL,SÉRIE B - RODADA 26
Mgg4c0UN,Mirassol,https://static.flashscore.com/res/image/data/SUmYTyAr-xxPxlUp4.png,Amazonas,https://static.flashscore.com/res/image/data/AwwuFEYA-S2JgYHKO.png,0,0,1,1,Ribeiro Serafim D. (Bra),Estádio José Maria de Campos Maia (Mirassol),15000.0,2269.0,14/09/2024,18:00,BRASIL,SÉRIE B - RODADA 26
YXMMFsph,Brusque,https://static.flashscore.com/res/image/data/4xrDsqil-Gjdd0gEp.png,Vila Nova,https://static.flashscore.com/res/image/data/GMMaJNh5-nRWjgPsO.png,3,1,3,0,Wagner do Nascimento (Bra),Augusto Bauer (Brusque),5000.0,447.0,14/09/2024,17:00,BRASIL,SÉRIE B - RODADA 26
UaGVDLE4,Paysandu,https://static.flashscore.com/res/image/data/OY3H2Kf5-Ui9AU98I.png,Guarani,https://static.flashscore.com/res/image/data/nVW3uzAr-bXbOazea.png,2,1,3,0,R. J. Pereira de Lima (Bra),Leonidas Sodre de Castro (Belem),16200.0,,14/09/2024,17:00,BRASIL,SÉRIE B - RODADA 26
UoycaMaB,Goiás,https://static.flashscore.com/res/image/data/xd3edbeM-G2OQQubE.png,Avaí,https://static.flashscore.com/res/image/data/tGpYsdYg-2LNvhL4k.png,2,1,3,0,Correia B. (Bra),Estádio da Serrinha (Goiânia),14450.0,1757.0,13/09/2024,21:30,BRASIL,SÉRIE B - RODADA 26
O8z1btFH,Ponte Preta,https://static.flashscore.com/res/image/data/UVeNVSBr-4S2Tm4eJ.png,Ituano,https://static.flashscore.com/res/image/data/8xrvrrCa-GKJk5gu7.png,1,4,0,3,Vitor Gobi J. (Bra),Moisés Lucarelli (Campinas),17728.0,2967.0,13/09/2024,21:30,BRASIL,SÉRIE B - RODADA 26
4Ir9dKqU,Novorizontino,https://static.flashscore.com/res/image/data/nuFzysBr-vFrLaFel.png,Botafogo-SP,https://static.flashscore.com/res/image/data/lduff8Ca-jF5yTdXD.png,2,0,3,0,Bellote L. (Bra),Estádio Dr. Jorge Ismael de Biasi (Novo Horizonte),14096.0,6491.0,13/09/2024,19:00,BRASIL,SÉRIE B - RODADA 26
Yquce7qP,CRB,https://static.flashscore.com/res/image/data/QuqDEgh5-8z8OC8Ik.png,Sport,https://static.flashscore.com/res/image/data/O0aua6ZA-G2OQQubE.png,1,1,1,1,Ferreira Y. (Bra),Estádio Rei Pelé (Maceió),19105.0,5193.0,11/09/2024,21:30,BRASIL,SÉRIE B - RODADA 7
MHuIbk90,Ponte Preta,https://static.flashscore.com/res/image/data/UVeNVSBr-4S2Tm4eJ.png,Chapecoense,https://static.flashscore.com/res/image/data/v9EKoUeM-ALatFnbP.png,0,2,0,3,Augusto V. C. M. (Bra),Moisés Lucarelli (Campinas),17728.0,3401.0,09/09/2024,21:30,BRASIL,SÉRIE B - RODADA 25
08vMc9O6,Botafogo-SP,https://static.flashscore.com/res/image/data/lduff8Ca-jF5yTdXD.png,Goiás,https://static.flashscore.com/res/image/data/xd3edbeM-G2OQQubE.png,1,0,3,0,Mendes F. (Bra),Estádio Santa Cruz (Ribeirão Preto),29292.0,1768.0,09/09/2024,20:00,BRASIL,SÉRIE B - RODADA 25
nPxUemgJ,América-MG,https://static.flashscore.com/res/image/data/Eut0HLfM-nHqWQgSo.png,Guarani,https://static.flashscore.com/res/image/data/nVW3uzAr-bXbOazea.png,3,0,3,0,A. Gomes Stefano (Bra),Mineirão (Belo Horizonte),61927.0,1768.0,08/09/2024,18:30,BRASIL,SÉRIE B - RODADA 25
fTrp2OFh,Coritiba,https://static.flashscore.com/res/image/data/xKm8lie5-8f6Hj6B0.png,Novorizontino,https://static.flashscore.com/res/image/data/nuFzysBr-vFrLaFel.png,2,2,1,1,Lacerda D. (Bra),Estádio Couto Pereira (Curitiba),40502.0,19249.0,08/09/2024,18:30,BRASIL,SÉRIE B - RODADA 25
jexg02p5,Ceará,https://static.flashscore.com/res/image/data/lO0NK6f5-d29WsioJ.png,Operário,https://static.flashscore.com/res/image/data/IBwiT7Da-j1A6VkgC.png,2,1,3,0,Marcos André Gomes (Bra),Castelão (Fortaleza),60326.0,46976.0,08/09/2024,16:00,BRASIL,SÉRIE B - RODADA 25
n3ux4pot,Avaí,https://static.flashscore.com/res/image/data/tGpYsdYg-2LNvhL4k.png,Sport,https://static.flashscore.com/res/image/data/O0aua6ZA-G2OQQubE.png,0,2,0,3,F. A. Santos Sá Júnior (Bra),Ressacada (Florianópolis),17800.0,8601.0,07/09/2024,19:00,BRASIL,SÉRIE B - RODADA 25
06qt340n,Brusque,https://static.flashscore.com/res/image/data/4xrDsqil-Gjdd0gEp.png,Santos,https://static.flashscore.com/res/image/data/rJGaKUhl-ALgHCh57.png,0,1,0,3,Klein R. (Bra),Augusto Bauer (Brusque),5000.0,4600.0,07/09/2024,16:00,BRASIL,SÉRIE B - RODADA 25
8YwQdTwD,Ituano,https://static.flashscore.com/res/image/data/8xrvrrCa-GKJk5gu7.png,Mirassol,https://static.flashscore.com/res/image/data/SUmYTyAr-xxPxlUp4.png,3,2,3,0,de Almeida Andrade E. R. (Bra),Estádio Novelli Júnior (Itu),18560.0,1405.0,07/09/2024,16:00,BRASIL,SÉRIE B - RODADA 25
YJsl1rVb,Paysandu,https://static.flashscore.com/res/image/data/OY3H2Kf5-Ui9AU98I.png,Amazonas,https://static.flashscore.com/res/image/data/AwwuFEYA-S2JgYHKO.png,0,1,0,3,Pereira Sampiao S. (Bra),Leonidas Sodre de Castro (Belem),16200.0,6785.0,05/09/2024,21:30,BRASIL,SÉRIE B - RODADA 25
vgjDaVgf,Vila Nova,https://static.flashscore.com/res/image/data/GMMaJNh5-nRWjgPsO.png,CRB,https://static.flashscore.com/res/image/data/QuqDEgh5-8z8OC8Ik.png,1,0,3,0,L. Guimarães Rechatiko Horn (Bra),Estádio Onésio Brasileiro Alvarenga (Goiânia),11788.0,6879.0,04/09/2024,20:00,BRASIL,SÉRIE B - RODADA 25
naRZoCPf,Guarani,https://static.flashscore.com/res/image/data/nVW3uzAr-bXbOazea.png,Coritiba,https://static.flashscore.com/res/image/data/xKm8lie5-8f6Hj6B0.png,2,1,3,0,Augusto V. C. M. (Bra),Estádio Brinco de Ouro (Campinas),29130.0,,03/09/2024,21:30,BRASIL,SÉRIE B - RODADA 24
QkQwoWv1,Mirassol,https://static.flashscore.com/res/image/data/SUmYTyAr-xxPxlUp4.png,América-MG,https://static.flashscore.com/res/image/data/Eut0HLfM-nHqWQgSo.png,1,0,3,0,M. Lima Barbosa (Bra),Estádio José Maria de Campos Maia (Mirassol),15000.0,,03/09/2024,19:00,BRASIL,SÉRIE B - RODADA 24
UJ0w6XGQ,Operário,https://static.flashscore.com/res/image/data/IBwiT7Da-j1A6VkgC.png,Brusque,https://static.flashscore.com/res/image/data/4xrDsqil-Gjdd0gEp.png,0,0,1,1,F. A. Santos Sá Júnior (Bra),Estádio Germano Krüger (Ponta Grossa),10632.0,3727.0,02/09/2024,21:30,BRASIL,SÉRIE B - RODADA 24
Qkn90Bvl,Sport,https://static.flashscore.com/res/image/data/O0aua6ZA-G2OQQubE.png,Ituano,https://static.flashscore.com/res/image/data/8xrvrrCa-GKJk5gu7.png,3,2,3,0,Policarpo Bento A. (Bra),Arena Pernambuco (São Lourenço da Mata),44248.0,8870.0,02/09/2024,19:30,BRASIL,SÉRIE B - RODADA 24
IPMVnhAl,Goiás,https://static.flashscore.com/res/image/data/xd3edbeM-G2OQQubE.png,Paysandu,https://static.flashscore.com/res/image/data/OY3H2Kf5-Ui9AU98I.png,1,1,1,1,Ribeiro Serafim D. (Bra),Estádio da Serrinha (Goiânia),14450.0,6057.0,01/09/2024,18:30,BRASIL,SÉRIE B - RODADA 24
WSn51iPs,Amazonas,https://static.flashscore.com/res/image/data/AwwuFEYA-S2JgYHKO.png,Ceará,https://static.flashscore.com/res/image/data/lO0NK6f5-d29WsioJ.png,1,1,1,1,Correia B. (Bra),Arena da Amazônia (Manaus),44300.0,10065.0,01/09/2024,16:00,BRASIL,SÉRIE B - RODADA 24
Cr6Y6D1K,CRB,https://static.flashscore.com/res/image/data/QuqDEgh5-8z8OC8Ik.png,Avaí,https://static.flashscore.com/res/image/data/tGpYsdYg-2LNvhL4k.png,1,2,0,3,Vitor Gobi J. (Bra),Estádio Rei Pelé (Maceió),19105.0,2461.0,31/08/2024,18:00,BRASIL,SÉRIE B - RODADA 24
Yi7U7gnE,Chapecoense,https://static.flashscore.com/res/image/data/v9EKoUeM-ALatFnbP.png,Botafogo-SP,https://static.flashscore.com/res/image/data/lduff8Ca-jF5yTdXD.png,1,1,1,1,L. Torezin (Bra),Arena Condá (Chapecó),20089.0,4364.0,31/08/2024,17:00,BRASIL,SÉRIE B - RODADA 24
8EFrpjf7,Novorizontino,https://static.flashscore.com/res/image/data/nuFzysBr-vFrLaFel.png,Vila Nova,https://static.flashscore.com/res/image/data/GMMaJNh5-nRWjgPsO.png,2,0,3,0,A. Gomes Stefano (Bra),Estádio Dr. Jorge Ismael de Biasi (Novo Horizonte),14096.0,2691.0,31/08/2024,17:00,BRASIL,SÉRIE B - RODADA 24
KlJnqA9D,Santos,https://static.flashscore.com/res/image/data/rJGaKUhl-ALgHCh57.png,Ponte Preta,https://static.flashscore.com/res/image/data/UVeNVSBr-4S2Tm4eJ.png,2,2,1,1,Pereira Sampiao S. (Bra),Vila Belmiro (Santos),16068.0,6946.0,30/08/2024,21:30,BRASIL,SÉRIE B - RODADA 24
KlsegfXK,Coritiba,https://static.flashscore.com/res/image/data/xKm8lie5-8f6Hj6B0.png,Avaí,https://static.flashscore.com/res/image/data/tGpYsdYg-2LNvhL4k.png,1,0,3,0,de Almeida Andrade E. R. (Bra),Estádio Couto Pereira (Curitiba),40502.0,14148.0,27/08/2024,21:30,BRASIL,SÉRIE B - RODADA 23
QRsifzIE,Brusque,https://static.flashscore.com/res/image/data/4xrDsqil-Gjdd0gEp.png,Sport,https://static.flashscore.com/res/image/data/O0aua6ZA-G2OQQubE.png,1,0,3,0,M. Lima Barbosa (Bra),Augusto Bauer (Brusque),5000.0,158.0,27/08/2024,21:00,BRASIL,SÉRIE B - RODADA 23
vZNRmYfr,Ceará,https://static.flashscore.com/res/image/data/lO0NK6f5-d29WsioJ.png,Novorizontino,https://static.flashscore.com/res/image/data/nuFzysBr-vFrLaFel.png,1,0,3,0,Ribeiro Serafim D. (Bra),Castelão (Fortaleza),60326.0,20334.0,26/08/2024,21:00,BRASIL,SÉRIE B - RODADA 23
YioahEnR,Paysandu,https://static.flashscore.com/res/image/data/OY3H2Kf5-Ui9AU98I.png,Mirassol,https://static.flashscore.com/res/image/data/SUmYTyAr-xxPxlUp4.png,0,0,1,1,Augusto V. C. M. (Bra),Leonidas Sodre de Castro (Belem),16200.0,,26/08/2024,18:30,BRASIL,SÉRIE B - RODADA 23
nyqmeG28,Chapecoense,https://static.flashscore.com/res/image/data/v9EKoUeM-ALatFnbP.png,CRB,https://static.flashscore.com/res/image/data/QuqDEgh5-8z8OC8Ik.png,0,0,1,1,Alisson (Bra),Arena Condá (Chapecó),20089.0,3037.0,25/08/2024,18:30,BRASIL,SÉRIE B - RODADA 23
WhWezFQr,Vila Nova,https://static.flashscore.com/res/image/data/GMMaJNh5-nRWjgPsO.png,América-MG,https://static.flashscore.com/res/image/data/Eut0HLfM-nHqWQgSo.png,1,0,3,0,E. Alves Batista (Bra),Estádio Onésio Brasileiro Alvarenga (Goiânia),11788.0,9510.0,25/08/2024,18:30,BRASIL,SÉRIE B - RODADA 23
MsP8XCA1,Ituano,https://static.flashscore.com/res/image/data/8xrvrrCa-GKJk5gu7.png,Goiás,https://static.flashscore.com/res/image/data/xd3edbeM-G2OQQubE.png,1,0,3,0,Correia B. (Bra),Estádio Novelli Júnior (Itu),18560.0,1171.0,24/08/2024,17:00,BRASIL,SÉRIE B - RODADA 23
0YNCWWP7,Santos,https://static.flashscore.com/res/image/data/rJGaKUhl-ALgHCh57.png,Amazonas,https://static.flashscore.com/res/image/data/AwwuFEYA-S2JgYHKO.png,0,0,1,1,J. Ferreira (Bra),Vila Belmiro (Santos),16068.0,10967.0,24/08/2024,16:00,BRASIL,SÉRIE B - RODADA 23
EHL0ZYuk,Ponte Preta,https://static.flashscore.com/res/image/data/UVeNVSBr-4S2Tm4eJ.png,Operário,https://static.flashscore.com/res/image/data/IBwiT7Da-j1A6VkgC.png,0,1,0,3,Mendes F. (Bra),Moisés Lucarelli (Campinas),17728.0,3775.0,23/08/2024,21:30,BRASIL,SÉRIE B - RODADA 23
UqpUveIR,Sport,https://static.flashscore.com/res/image/data/O0aua6ZA-G2OQQubE.png,Coritiba,https://static.flashscore.com/res/image/data/xKm8lie5-8f6Hj6B0.png,0,1,0,3,F. Fernandes de Lima (Bra),Arena Pernambuco (São Lourenço da Mata),44248.0,11603.0,22/08/2024,21:00,BRASIL,SÉRIE B - RODADA 22
SKmDrwJ2,Avaí,https://static.flashscore.com/res/image/data/tGpYsdYg-2LNvhL4k.png,Paysandu,https://static.flashscore.com/res/image/data/OY3H2Kf5-Ui9AU98I.png,1,0,3,0,Oliveira M. (Bra),Ressacada (Florianópolis),17800.0,7783.0,22/08/2024,20:00,BRASIL,SÉRIE B - RODADA 22
MJKjRylS,Goiás,https://static.flashscore.com/res/image/data/xd3edbeM-G2OQQubE.png,Brusque,https://static.flashscore.com/res/image/data/4xrDsqil-Gjdd0gEp.png,4,1,3,0,L. Casagrande (Bra),Estádio da Serrinha (Goiânia),14450.0,4342.0,21/08/2024,21:00,BRASIL,SÉRIE B - RODADA 22
veiHscY8,CRB,https://static.flashscore.com/res/image/data/QuqDEgh5-8z8OC8Ik.png,Ceará,https://static.flashscore.com/res/image/data/lO0NK6f5-d29WsioJ.png,0,2,0,3,J. Pinheiro (Bra),Estádio Rei Pelé (Maceió),19105.0,2630.0,21/08/2024,20:00,BRASIL,SÉRIE B - RODADA 22
EHaVJgt2,América-MG,https://static.flashscore.com/res/image/data/Eut0HLfM-nHqWQgSo.png,Chapecoense,https://static.flashscore.com/res/image/data/v9EKoUeM-ALatFnbP.png,0,0,1,1,Goncalves K. (Bra),Mineirão (Belo Horizonte),61927.0,1470.0,21/08/2024,19:00,BRASIL,SÉRIE B - RODADA 22
va7IMedq,Guarani,https://static.flashscore.com/res/image/data/nVW3uzAr-bXbOazea.png,Santos,https://static.flashscore.com/res/image/data/rJGaKUhl-ALgHCh57.png,1,1,1,1,Bauermann G. (Bra),Estádio Brinco de Ouro (Campinas),29130.0,10567.0,21/08/2024,19:00,BRASIL,SÉRIE B - RODADA 22
Ik6MLFBk,Mirassol,https://static.flashscore.com/res/image/data/SUmYTyAr-xxPxlUp4.png,Botafogo-SP,https://static.flashscore.com/res/image/data/lduff8Ca-jF5yTdXD.png,1,2,0,3,P. Belence Alves dos Prazeres Filho (Bra),Estádio José Maria de Campos Maia (Mirassol),15000.0,2885.0,21/08/2024,19:00,BRASIL,SÉRIE B - RODADA 22
MJtMtHmF,Operário,https://static.flashscore.com/res/image/data/IBwiT7Da-j1A6VkgC.png,Vila Nova,https://static.flashscore.com/res/image/data/GMMaJNh5-nRWjgPsO.png,2,3,0,3,Bellote L. (Bra),Estádio Germano Krüger (Ponta Grossa),10632.0,3313.0,20/08/2024,21:30,BRASIL,SÉRIE B - RODADA 22
0AuQuy3L,Amazonas,https://static.flashscore.com/res/image/data/AwwuFEYA-S2JgYHKO.png,Ponte Preta,https://static.flashscore.com/res/image/data/UVeNVSBr-4S2Tm4eJ.png,2,1,3,0,Thiago Gomes (Bra),Estádio Municipal Carlos Zamith (Manaus),6500.0,6543.0,20/08/2024,21:00,BRASIL,SÉRIE B - RODADA 22
zR0RKZQe,Novorizontino,https://static.flashscore.com/res/image/data/nuFzysBr-vFrLaFel.png,Ituano,https://static.flashscore.com/res/image/data/8xrvrrCa-GKJk5gu7.png,1,0,3,0,Miranda L. (Bra),Estádio Dr. Jorge Ismael de Biasi (Novo Horizonte),14096.0,2256.0,20/08/2024,19:00,BRASIL,SÉRIE B - RODADA 22
jFnu9xSq,Botafogo-SP,https://static.flashscore.com/res/image/data/lduff8Ca-jF5yTdXD.png,Paysandu,https://static.flashscore.com/res/image/data/OY3H2Kf5-Ui9AU98I.png,1,1,1,1,,,,,18/08/2024,18:30,BRASIL,SÉRIE B - RODADA 21
vyTZUJl3,Brusque,https://static.flashscore.com/res/image/data/4xrDsqil-Gjdd0gEp.png,Coritiba,https://static.flashscore.com/res/image/data/xKm8lie5-8f6Hj6B0.png,0,1,0,3,Ribeiro Serafim D. (Bra),Augusto Bauer (Brusque),5000.0,976.0,18/08/2024,16:00,BRASIL,SÉRIE B - RODADA 21
QiRsTcJF,Amazonas,https://static.flashscore.com/res/image/data/AwwuFEYA-S2JgYHKO.png,CRB,https://static.flashscore.com/res/image/data/QuqDEgh5-8z8OC8Ik.png,2,0,3,0,E. Alves Batista (Bra),Estádio Municipal Carlos Zamith (Manaus),6500.0,653.0,17/08/2024,18:00,BRASIL,SÉRIE B - RODADA 21
8GGnSHYL,Ceará,https://static.flashscore.com/res/image/data/lO0NK6f5-d29WsioJ.png,Mirassol,https://static.flashscore.com/res/image/data/SUmYTyAr-xxPxlUp4.png,1,2,0,3,Augusto V. C. M. (Bra),Castelão (Fortaleza),60326.0,40487.0,17/08/2024,17:00,BRASIL,SÉRIE B - RODADA 21
bujm7Gdd,Santos,https://static.flashscore.com/res/image/data/rJGaKUhl-ALgHCh57.png,Avaí,https://static.flashscore.com/res/image/data/tGpYsdYg-2LNvhL4k.png,0,1,0,3,Anderson Daronco (Bra),Vila Belmiro (Santos),16068.0,13545.0,17/08/2024,16:00,BRASIL,SÉRIE B - RODADA 21
0pUVVaZd,Chapecoense,https://static.flashscore.com/res/image/data/v9EKoUeM-ALatFnbP.png,Guarani,https://static.flashscore.com/res/image/data/nVW3uzAr-bXbOazea.png,0,4,0,3,,,,,17/08/2024,15:30,BRASIL,SÉRIE B - RODADA 21
pxnq8dsj,Novorizontino,https://static.flashscore.com/res/image/data/nuFzysBr-vFrLaFel.png,América-MG,https://static.flashscore.com/res/image/data/Eut0HLfM-nHqWQgSo.png,1,1,1,1,Wilton Sampaio (Bra),Estádio Dr. Jorge Ismael de Biasi (Novo Horizonte),14096.0,2049.0,16/08/2024,21:30,BRASIL,SÉRIE B - RODADA 21
dEU6RprB,Vila Nova,https://static.flashscore.com/res/image/data/GMMaJNh5-nRWjgPsO.png,Sport,https://static.flashscore.com/res/image/data/O0aua6ZA-G2OQQubE.png,2,0,3,0,,,,,16/08/2024,21:00,BRASIL,SÉRIE B - RODADA 21
EkPBQ4cH,Ponte Preta,https://static.flashscore.com/res/image/data/UVeNVSBr-4S2Tm4eJ.png,Goiás,https://static.flashscore.com/res/image/data/xd3edbeM-G2OQQubE.png,1,1,1,1,R. J. Pereira de Lima (Bra),Moisés Lucarelli (Campinas),17728.0,5503.0,16/08/2024,19:00,BRASIL,SÉRIE B - RODADA 21
n1SwUw49,Operário,https://static.flashscore.com/res/image/data/IBwiT7Da-j1A6VkgC.png,Ituano,https://static.flashscore.com/res/image/data/8xrvrrCa-GKJk5gu7.png,1,2,0,3,J. Pinheiro (Bra),Estádio Germano Krüger (Ponta Grossa),10632.0,2882.0,15/08/2024,21:00,BRASIL,SÉRIE B - RODADA 21
OniQE7b5,Goiás,https://static.flashscore.com/res/image/data/xd3edbeM-G2OQQubE.png,Ceará,https://static.flashscore.com/res/image/data/lO0NK6f5-d29WsioJ.png,2,1,3,0,Wagner do Nascimento (Bra),Estádio da Serrinha (Goiânia),14450.0,4071.0,12/08/2024,21:00,BRASIL,SÉRIE B - RODADA 20
I9jUDRDB,Guarani,https://static.flashscore.com/res/image/data/nVW3uzAr-bXbOazea.png,Vila Nova,https://static.flashscore.com/res/image/data/GMMaJNh5-nRWjgPsO.png,2,0,3,0,Mendes F. (Bra),Estádio Brinco de Ouro (Campinas),29130.0,2477.0,12/08/2024,20:00,BRASIL,SÉRIE B - RODADA 20
riOjVSrn,CRB,https://static.flashscore.com/res/image/data/QuqDEgh5-8z8OC8Ik.png,Novorizontino,https://static.flashscore.com/res/image/data/nuFzysBr-vFrLaFel.png,0,1,0,3,J. Ferreira (Bra),Estádio Rei Pelé (Maceió),19105.0,2392.0,11/08/2024,18:30,BRASIL,SÉRIE B - RODADA 20
QFDeUnbh,Coritiba,https://static.flashscore.com/res/image/data/xKm8lie5-8f6Hj6B0.png,Ponte Preta,https://static.flashscore.com/res/image/data/UVeNVSBr-4S2Tm4eJ.png,1,1,1,1,F. A. Santos Sá Júnior (Bra),Estádio Couto Pereira (Curitiba),40502.0,17254.0,11/08/2024,16:00,BRASIL,SÉRIE B - RODADA 20
EypwC5rO,Ituano,https://static.flashscore.com/res/image/data/8xrvrrCa-GKJk5gu7.png,Chapecoense,https://static.flashscore.com/res/image/data/v9EKoUeM-ALatFnbP.png,2,1,3,0,Policarpo Bento A. (Bra),Estádio Novelli Júnior (Itu),18560.0,912.0,10/08/2024,17:00,BRASIL,SÉRIE B - RODADA 20
INV2SQS4,Sport,https://static.flashscore.com/res/image/data/O0aua6ZA-G2OQQubE.png,Amazonas,https://static.flashscore.com/res/image/data/AwwuFEYA-S2JgYHKO.png,3,2,3,0,R. da Fonseca Silva (Bra),Arena Pernambuco (São Lourenço da Mata),44248.0,20283.0,10/08/2024,17:00,BRASIL,SÉRIE B - RODADA 20
hSrsBPcU,América-MG,https://static.flashscore.com/res/image/data/Eut0HLfM-nHqWQgSo.png,Botafogo-SP,https://static.flashscore.com/res/image/data/lduff8Ca-jF5yTdXD.png,3,1,3,0,Alisson (Bra),Estádio Raimundo Sampaio (Arena Independência) (Belo Horizonte),23018.0,4082.0,09/08/2024,21:30,BRASIL,SÉRIE B - RODADA 20
WCfYCoTH,Mirassol,https://static.flashscore.com/res/image/data/SUmYTyAr-xxPxlUp4.png,Brusque,https://static.flashscore.com/res/image/data/4xrDsqil-Gjdd0gEp.png,2,0,3,0,M. Klein (Bra),Estádio José Maria de Campos Maia (Mirassol),15000.0,1187.0,09/08/2024,21:00,BRASIL,SÉRIE B - RODADA 20
O0WbT6Db,Paysandu,https://static.flashscore.com/res/image/data/OY3H2Kf5-Ui9AU98I.png,Santos,https://static.flashscore.com/res/image/data/rJGaKUhl-ALgHCh57.png,0,3,0,3,Ribeiro Serafim D. (Bra),Estádio Olímpico do Pará (Belem),53635.0,36720.0,09/08/2024,20:00,BRASIL,SÉRIE B - RODADA 20
40PnW8Tu,Avaí,https://static.flashscore.com/res/image/data/tGpYsdYg-2LNvhL4k.png,Operário,https://static.flashscore.com/res/image/data/IBwiT7Da-j1A6VkgC.png,1,0,3,0,M. Henrique (Bra),Ressacada (Florianópolis),17800.0,4265.0,09/08/2024,19:15,BRASIL,SÉRIE B - RODADA 20
pdhMFmqa,Ceará,https://static.flashscore.com/res/image/data/lO0NK6f5-d29WsioJ.png,Guarani,https://static.flashscore.com/res/image/data/nVW3uzAr-bXbOazea.png,3,1,3,0,Goncalves K. (Bra),Castelão (Fortaleza),60326.0,30946.0,06/08/2024,21:00,BRASIL,SÉRIE B - RODADA 19
OQFk2UEa,Vila Nova,https://static.flashscore.com/res/image/data/GMMaJNh5-nRWjgPsO.png,Paysandu,https://static.flashscore.com/res/image/data/OY3H2Kf5-Ui9AU98I.png,2,2,1,1,Moraes de Sousa A. D. (Bra),Estádio Onésio Brasileiro Alvarenga (Goiânia),11788.0,6663.0,05/08/2024,21:00,BRASIL,SÉRIE B - RODADA 19
fBokNVjP,Chapecoense,https://static.flashscore.com/res/image/data/v9EKoUeM-ALatFnbP.png,Mirassol,https://static.flashscore.com/res/image/data/SUmYTyAr-xxPxlUp4.png,0,1,0,3,Miranda L. (Bra),Arena Condá (Chapecó),20089.0,3448.0,05/08/2024,18:30,BRASIL,SÉRIE B - RODADA 19
EF82aSbI,Novorizontino,https://static.flashscore.com/res/image/data/nuFzysBr-vFrLaFel.png,Goiás,https://static.flashscore.com/res/image/data/xd3edbeM-G2OQQubE.png,2,1,3,0,Ribeiro Serafim D. (Bra),Estádio Dr. Jorge Ismael de Biasi (Novo Horizonte),14096.0,2691.0,04/08/2024,18:30,BRASIL,SÉRIE B - RODADA 19
QgxLH9En,Operário,https://static.flashscore.com/res/image/data/IBwiT7Da-j1A6VkgC.png,CRB,https://static.flashscore.com/res/image/data/QuqDEgh5-8z8OC8Ik.png,2,0,3,0,Correia B. (Bra),Estádio Germano Krüger (Ponta Grossa),10632.0,3790.0,04/08/2024,18:30,BRASIL,SÉRIE B - RODADA 19
6k5f1lU5,Ponte Preta,https://static.flashscore.com/res/image/data/UVeNVSBr-4S2Tm4eJ.png,Avaí,https://static.flashscore.com/res/image/data/tGpYsdYg-2LNvhL4k.png,1,0,3,0,Pereira Sampiao S. (Bra),Moisés Lucarelli (Campinas),17728.0,6714.0,04/08/2024,16:00,BRASIL,SÉRIE B - RODADA 19
4pyPGTTh,Amazonas,https://static.flashscore.com/res/image/data/AwwuFEYA-S2JgYHKO.png,Ituano,https://static.flashscore.com/res/image/data/8xrvrrCa-GKJk5gu7.png,1,0,3,0,Marcos André Gomes (Bra),Estádio Municipal Carlos Zamith (Manaus),6500.0,,03/08/2024,21:30,BRASIL,SÉRIE B - RODADA 19
pt4b08qC,Botafogo-SP,https://static.flashscore.com/res/image/data/lduff8Ca-jF5yTdXD.png,Coritiba,https://static.flashscore.com/res/image/data/xKm8lie5-8f6Hj6B0.png,2,0,3,0,M. Lima Barbosa (Bra),Estádio Santa Cruz (Ribeirão Preto),29292.0,2702.0,03/08/2024,17:00,BRASIL,SÉRIE B - RODADA 19
h676bnEO,Santos,https://static.flashscore.com/res/image/data/rJGaKUhl-ALgHCh57.png,Sport,https://static.flashscore.com/res/image/data/O0aua6ZA-G2OQQubE.png,1,1,1,1,P. C. Zanovelli (Bra),Vila Belmiro (Santos),16068.0,13629.0,02/08/2024,21:30,BRASIL,SÉRIE B - RODADA 19
WWxHIkat,Brusque,https://static.flashscore.com/res/image/data/4xrDsqil-Gjdd0gEp.png,América-MG,https://static.flashscore.com/res/image/data/Eut0HLfM-nHqWQgSo.png,0,0,1,1,Vasconcelos B. (Bra),Augusto Bauer (Brusque),5000.0,48.0,02/08/2024,19:00,BRASIL,SÉRIE B - RODADA 19
KhX6Ah7J,Avaí,https://static.flashscore.com/res/image/data/tGpYsdYg-2LNvhL4k.png,Botafogo-SP,https://static.flashscore.com/res/image/data/lduff8Ca-jF5yTdXD.png,1,1,1,1,L. Casagrande (Bra),Ressacada (Florianópolis),17800.0,4530.0,30/07/2024,21:00,BRASIL,SÉRIE B - RODADA 18
ITCs4jpm,Paysandu,https://static.flashscore.com/res/image/data/OY3H2Kf5-Ui9AU98I.png,Novorizontino,https://static.flashscore.com/res/image/data/nuFzysBr-vFrLaFel.png,1,3,0,3,Mourao P. (Bra),Leonidas Sodre de Castro (Belem),16200.0,9341.0,29/07/2024,18:30,BRASIL,SÉRIE B - RODADA 18
6kqPo9UI,América-MG,https://static.flashscore.com/res/image/data/Eut0HLfM-nHqWQgSo.png,Ceará,https://static.flashscore.com/res/image/data/lO0NK6f5-d29WsioJ.png,2,2,1,1,Ribeiro Serafim D. (Bra),Estádio Raimundo Sampaio (Arena Independência) (Belo Horizonte),23018.0,2293.0,28/07/2024,18:30,BRASIL,SÉRIE B - RODADA 18
bqWA9CMP,CRB,https://static.flashscore.com/res/image/data/QuqDEgh5-8z8OC8Ik.png,Santos,https://static.flashscore.com/res/image/data/rJGaKUhl-ALgHCh57.png,1,1,1,1,Pereira Sampiao S. (Bra),Estádio Rei Pelé (Maceió),19105.0,11332.0,28/07/2024,18:30,BRASIL,SÉRIE B - RODADA 18
xdx9kiVg,Guarani,https://static.flashscore.com/res/image/data/nVW3uzAr-bXbOazea.png,Brusque,https://static.flashscore.com/res/image/data/4xrDsqil-Gjdd0gEp.png,1,0,3,0,Thiago Gomes (Bra),Estádio Brinco de Ouro (Campinas),29130.0,2974.0,28/07/2024,16:00,BRASIL,SÉRIE B - RODADA 18
CjCo3Aag,Sport,https://static.flashscore.com/res/image/data/O0aua6ZA-G2OQQubE.png,Ponte Preta,https://static.flashscore.com/res/image/data/UVeNVSBr-4S2Tm4eJ.png,3,1,3,0,L. Guimarães Rechatiko Horn (Bra),Arena Pernambuco (São Lourenço da Mata),44248.0,14037.0,27/07/2024,18:00,BRASIL,SÉRIE B - RODADA 18
vwEw5WUt,Coritiba,https://static.flashscore.com/res/image/data/xKm8lie5-8f6Hj6B0.png,Chapecoense,https://static.flashscore.com/res/image/data/v9EKoUeM-ALatFnbP.png,1,0,3,0,Vargas Tavares de Jesus A. (Bra),Estádio Couto Pereira (Curitiba),40502.0,14155.0,27/07/2024,17:00,BRASIL,SÉRIE B - RODADA 18
WWjClBp0,Mirassol,https://static.flashscore.com/res/image/data/SUmYTyAr-xxPxlUp4.png,Operário,https://static.flashscore.com/res/image/data/IBwiT7Da-j1A6VkgC.png,1,0,3,0,Monteiro A. (Bra),Estádio José Maria de Campos Maia (Mirassol),15000.0,1765.0,27/07/2024,17:00,BRASIL,SÉRIE B - RODADA 18
hnuLnkFC,Ituano,https://static.flashscore.com/res/image/data/8xrvrrCa-GKJk5gu7.png,Vila Nova,https://static.flashscore.com/res/image/data/GMMaJNh5-nRWjgPsO.png,0,0,1,1,da Silva Machado B. (Bra),Estádio Novelli Júnior (Itu),18560.0,1188.0,26/07/2024,21:30,BRASIL,SÉRIE B - RODADA 18
Gtl0iD0s,Ceará,https://static.flashscore.com/res/image/data/lO0NK6f5-d29WsioJ.png,Botafogo-SP,https://static.flashscore.com/res/image/data/lduff8Ca-jF5yTdXD.png,4,1,3,0,Correia B. (Bra),Castelão (Fortaleza),60326.0,18262.0,25/07/2024,21:30,BRASIL,SÉRIE B - RODADA 17
MJxPgo5r,Goiás,https://static.flashscore.com/res/image/data/xd3edbeM-G2OQQubE.png,CRB,https://static.flashscore.com/res/image/data/QuqDEgh5-8z8OC8Ik.png,1,1,1,1,Goncalves K. (Bra),Estádio da Serrinha (Goiânia),14450.0,6341.0,25/07/2024,21:30,BRASIL,SÉRIE B - RODADA 17
vLdYeghQ,Amazonas,https://static.flashscore.com/res/image/data/AwwuFEYA-S2JgYHKO.png,Guarani,https://static.flashscore.com/res/image/data/nVW3uzAr-bXbOazea.png,1,1,1,1,Policarpo Bento A. (Bra),Estádio Municipal Carlos Zamith (Manaus),6500.0,6598.0,24/07/2024,21:30,BRASIL,SÉRIE B - RODADA 17
67bQcFND,Brusque,https://static.flashscore.com/res/image/data/4xrDsqil-Gjdd0gEp.png,Paysandu,https://static.flashscore.com/res/image/data/OY3H2Kf5-Ui9AU98I.png,1,0,3,0,de Almeida Andrade E. R. (Bra),Augusto Bauer (Brusque),5000.0,1080.0,24/07/2024,21:00,BRASIL,SÉRIE B - RODADA 17
0AyTh5Kl,Ponte Preta,https://static.flashscore.com/res/image/data/UVeNVSBr-4S2Tm4eJ.png,Vila Nova,https://static.flashscore.com/res/image/data/GMMaJNh5-nRWjgPsO.png,2,0,3,0,Wagner do Nascimento (Bra),Moisés Lucarelli (Campinas),17728.0,3977.0,23/07/2024,21:30,BRASIL,SÉRIE B - RODADA 17
f9Uyiqk1,Ituano,https://static.flashscore.com/res/image/data/8xrvrrCa-GKJk5gu7.png,América-MG,https://static.flashscore.com/res/image/data/Eut0HLfM-nHqWQgSo.png,0,0,1,1,P. Belence Alves dos Prazeres Filho (Bra),Estádio Novelli Júnior (Itu),18560.0,1262.0,23/07/2024,21:00,BRASIL,SÉRIE B - RODADA 17
rZQXiPZf,Mirassol,https://static.flashscore.com/res/image/data/SUmYTyAr-xxPxlUp4.png,Avaí,https://static.flashscore.com/res/image/data/tGpYsdYg-2LNvhL4k.png,0,0,1,1,J. Ferreira (Bra),Estádio José Maria de Campos Maia (Mirassol),15000.0,2722.0,23/07/2024,20:00,BRASIL,SÉRIE B - RODADA 17
SMSqkNJD,Chapecoense,https://static.flashscore.com/res/image/data/v9EKoUeM-ALatFnbP.png,Sport,https://static.flashscore.com/res/image/data/O0aua6ZA-G2OQQubE.png,1,1,1,1,Vitor Gobi J. (Bra),Arena Condá (Chapecó),20089.0,4565.0,23/07/2024,19:00,BRASIL,SÉRIE B - RODADA 17
pbcUdZxK,Operário,https://static.flashscore.com/res/image/data/IBwiT7Da-j1A6VkgC.png,Novorizontino,https://static.flashscore.com/res/image/data/nuFzysBr-vFrLaFel.png,0,0,1,1,Moraes de Sousa A. D. (Bra),Estádio Germano Krüger (Ponta Grossa),10632.0,4071.0,23/07/2024,19:00,BRASIL,SÉRIE B - RODADA 17
lWTuj347,Santos,https://static.flashscore.com/res/image/data/rJGaKUhl-ALgHCh57.png,Coritiba,https://static.flashscore.com/res/image/data/xKm8lie5-8f6Hj6B0.png,4,0,3,0,M. Henrique (Bra),Vila Belmiro (Santos),16068.0,11928.0,22/07/2024,20:00,BRASIL,SÉRIE B - RODADA 17
pvRXeYzT,Botafogo-SP,https://static.flashscore.com/res/image/data/lduff8Ca-jF5yTdXD.png,Brusque,https://static.flashscore.com/res/image/data/4xrDsqil-Gjdd0gEp.png,2,2,1,1,Miranda L. (Bra),Estádio Santa Cruz (Ribeirão Preto),29292.0,2444.0,21/07/2024,18:30,BRASIL,SÉRIE B - RODADA 16
jHRTdELM,Guarani,https://static.flashscore.com/res/image/data/nVW3uzAr-bXbOazea.png,Goiás,https://static.flashscore.com/res/image/data/xd3edbeM-G2OQQubE.png,2,3,0,3,Marcos André Gomes (Bra),Estádio Brinco de Ouro (Campinas),29130.0,4763.0,21/07/2024,16:00,BRASIL,SÉRIE B - RODADA 16
GKAiCgL9,Paysandu,https://static.flashscore.com/res/image/data/OY3H2Kf5-Ui9AU98I.png,Ponte Preta,https://static.flashscore.com/res/image/data/UVeNVSBr-4S2Tm4eJ.png,1,0,3,0,Ferreira Y. (Bra),Leonidas Sodre de Castro (Belem),16200.0,10119.0,20/07/2024,18:00,BRASIL,SÉRIE B - RODADA 16
SbUdjCbj,América-MG,https://static.flashscore.com/res/image/data/Eut0HLfM-nHqWQgSo.png,Amazonas,https://static.flashscore.com/res/image/data/AwwuFEYA-S2JgYHKO.png,0,0,1,1,F. A. Santos Sá Júnior (Bra),Estádio Raimundo Sampaio (Arena Independência) (Belo Horizonte),23018.0,2482.0,20/07/2024,17:00,BRASIL,SÉRIE B - RODADA 16
KhHrEFjc,CRB,https://static.flashscore.com/res/image/data/QuqDEgh5-8z8OC8Ik.png,Ituano,https://static.flashscore.com/res/image/data/8xrvrrCa-GKJk5gu7.png,1,0,3,0,,,,,20/07/2024,17:00,BRASIL,SÉRIE B - RODADA 16
YeLnDZ53,Coritiba,https://static.flashscore.com/res/image/data/xKm8lie5-8f6Hj6B0.png,Mirassol,https://static.flashscore.com/res/image/data/SUmYTyAr-xxPxlUp4.png,0,1,0,3,Augusto V. C. M. (Bra),Estádio Couto Pereira (Curitiba),40502.0,12149.0,19/07/2024,21:30,BRASIL,SÉRIE B - RODADA 16
6kT0kWDd,Avaí,https://static.flashscore.com/res/image/data/tGpYsdYg-2LNvhL4k.png,Ceará,https://static.flashscore.com/res/image/data/lO0NK6f5-d29WsioJ.png,0,1,0,3,Wagner do Nascimento (Bra),Ressacada (Florianópolis),17800.0,6609.0,19/07/2024,19:00,BRASIL,SÉRIE B - RODADA 16
nmDaihqp,Novorizontino,https://static.flashscore.com/res/image/data/nuFzysBr-vFrLaFel.png,Chapecoense,https://static.flashscore.com/res/image/data/v9EKoUeM-ALatFnbP.png,1,0,3,0,Paulo Roberto (Bra),Estádio Dr. Jorge Ismael de Biasi (Novo Horizonte),14096.0,1791.0,18/07/2024,21:00,BRASIL,SÉRIE B - RODADA 16
xENPcf6G,Vila Nova,https://static.flashscore.com/res/image/data/GMMaJNh5-nRWjgPsO.png,Santos,https://static.flashscore.com/res/image/data/rJGaKUhl-ALgHCh57.png,1,1,1,1,R. J. Pereira de Lima (Bra),Estádio Onésio Brasileiro Alvarenga (Goiânia),11788.0,9432.0,18/07/2024,20:00,BRASIL,SÉRIE B - RODADA 16
nPUC0dMc,Operário,https://static.flashscore.com/res/image/data/IBwiT7Da-j1A6VkgC.png,Goiás,https://static.flashscore.com/res/image/data/xd3edbeM-G2OQQubE.png,2,0,3,0,M. Henrique (Bra),Estádio Germano Krüger (Ponta Grossa),10632.0,4084.0,17/07/2024,21:00,BRASIL,SÉRIE B - RODADA 15
h88v4ySd,CRB,https://static.flashscore.com/res/image/data/QuqDEgh5-8z8OC8Ik.png,Botafogo-SP,https://static.flashscore.com/res/image/data/lduff8Ca-jF5yTdXD.png,4,1,3,0,,,,,17/07/2024,20:30,BRASIL,SÉRIE B - RODADA 9
8rZMwZEp,Santos,https://static.flashscore.com/res/image/data/rJGaKUhl-ALgHCh57.png,Ituano,https://static.flashscore.com/res/image/data/8xrvrrCa-GKJk5gu7.png,2,0,3,0,L. Torezin (Bra),Vila Belmiro (Santos),16068.0,12839.0,15/07/2024,20:00,BRASIL,SÉRIE B - RODADA 15
6TiQxgUj,Chapecoense,https://static.flashscore.com/res/image/data/v9EKoUeM-ALatFnbP.png,Brusque,https://static.flashscore.com/res/image/data/4xrDsqil-Gjdd0gEp.png,1,1,1,1,Ribeiro Serafim D. (Bra),Arena Condá (Chapecó),20089.0,4032.0,14/07/2024,18:30,BRASIL,SÉRIE B - RODADA 15
GpfroHMA,Vila Nova,https://static.flashscore.com/res/image/data/GMMaJNh5-nRWjgPsO.png,Avaí,https://static.flashscore.com/res/image/data/tGpYsdYg-2LNvhL4k.png,2,1,3,0,Flávio Rodrigues de Souza (Bra),Estádio Onésio Brasileiro Alvarenga (Goiânia),11788.0,7402.0,14/07/2024,16:00,BRASIL,SÉRIE B - RODADA 15
8YV81x7i,CRB,https://static.flashscore.com/res/image/data/QuqDEgh5-8z8OC8Ik.png,Coritiba,https://static.flashscore.com/res/image/data/xKm8lie5-8f6Hj6B0.png,2,1,3,0,Padovani Andrade D. J. (Bra),Estádio Rei Pelé (Maceió),19105.0,3806.0,13/07/2024,18:00,BRASIL,SÉRIE B - RODADA 15
fkYKbziA,Sport,https://static.flashscore.com/res/image/data/O0aua6ZA-G2OQQubE.png,América-MG,https://static.flashscore.com/res/image/data/Eut0HLfM-nHqWQgSo.png,1,1,1,1,Vitor Gobi J. (Bra),Arena Pernambuco (São Lourenço da Mata),44248.0,16916.0,13/07/2024,17:00,BRASIL,SÉRIE B - RODADA 15
j3nerF6T,Novorizontino,https://static.flashscore.com/res/image/data/nuFzysBr-vFrLaFel.png,Guarani,https://static.flashscore.com/res/image/data/nVW3uzAr-bXbOazea.png,1,1,1,1,J. Ferreira (Bra),Estádio Dr. Jorge Ismael de Biasi (Novo Horizonte),14096.0,2201.0,13/07/2024,15:30,BRASIL,SÉRIE B - RODADA 15
GbZGaGy4,Paysandu,https://static.flashscore.com/res/image/data/OY3H2Kf5-Ui9AU98I.png,Ceará,https://static.flashscore.com/res/image/data/lO0NK6f5-d29WsioJ.png,2,1,3,0,P. Belence Alves dos Prazeres Filho (Bra),Leonidas Sodre de Castro (Belem),16200.0,13241.0,12/07/2024,21:30,BRASIL,SÉRIE B - RODADA 15
CCmiqeiN,Botafogo-SP,https://static.flashscore.com/res/image/data/lduff8Ca-jF5yTdXD.png,Amazonas,https://static.flashscore.com/res/image/data/AwwuFEYA-S2JgYHKO.png,0,1,0,3,Anderson Gonçalves (Bra),Estádio Santa Cruz (Ribeirão Preto),29292.0,2929.0,12/07/2024,21:00,BRASIL,SÉRIE B - RODADA 15
fygnpyxH,Ponte Preta,https://static.flashscore.com/res/image/data/UVeNVSBr-4S2Tm4eJ.png,Mirassol,https://static.flashscore.com/res/image/data/SUmYTyAr-xxPxlUp4.png,4,2,3,0,Vasconcelos B. (Bra),Moisés Lucarelli (Campinas),17728.0,3259.0,12/07/2024,19:00,BRASIL,SÉRIE B - RODADA 15
MNY8WH7H,Mirassol,https://static.flashscore.com/res/image/data/SUmYTyAr-xxPxlUp4.png,CRB,https://static.flashscore.com/res/image/data/QuqDEgh5-8z8OC8Ik.png,1,0,3,0,Mendes F. (Bra),Estádio José Maria de Campos Maia (Mirassol),15000.0,,09/07/2024,21:00,BRASIL,SÉRIE B - RODADA 14
8Kjzmwhb,Amazonas,https://static.flashscore.com/res/image/data/AwwuFEYA-S2JgYHKO.png,Vila Nova,https://static.flashscore.com/res/image/data/GMMaJNh5-nRWjgPsO.png,1,2,0,3,Ferreira Y. (Bra),Estádio Municipal Carlos Zamith (Manaus),6500.0,7427.0,08/07/2024,21:00,BRASIL,SÉRIE B - RODADA 14
KbEqQFpo,Avaí,https://static.flashscore.com/res/image/data/tGpYsdYg-2LNvhL4k.png,Novorizontino,https://static.flashscore.com/res/image/data/nuFzysBr-vFrLaFel.png,0,1,0,3,Policarpo Bento A. (Bra),Ressacada (Florianópolis),17800.0,6166.0,08/07/2024,20:00,BRASIL,SÉRIE B - RODADA 14
S0Z4XchB,Guarani,https://static.flashscore.com/res/image/data/nVW3uzAr-bXbOazea.png,Sport,https://static.flashscore.com/res/image/data/O0aua6ZA-G2OQQubE.png,0,1,0,3,M. Lima Barbosa (Bra),Estádio Brinco de Ouro (Campinas),29130.0,,07/07/2024,18:30,BRASIL,SÉRIE B - RODADA 14
zRxDVyNN,Ituano,https://static.flashscore.com/res/image/data/8xrvrrCa-GKJk5gu7.png,Botafogo-SP,https://static.flashscore.com/res/image/data/lduff8Ca-jF5yTdXD.png,3,2,3,0,Goncalves K. (Bra),Estádio Novelli Júnior (Itu),18560.0,,07/07/2024,16:00,BRASIL,SÉRIE B - RODADA 14
Qe1VmJxh,Coritiba,https://static.flashscore.com/res/image/data/xKm8lie5-8f6Hj6B0.png,Paysandu,https://static.flashscore.com/res/image/data/OY3H2Kf5-Ui9AU98I.png,1,1,1,1,Marcos André Gomes (Bra),Estádio Couto Pereira (Curitiba),40502.0,,07/07/2024,11:00,BRASIL,SÉRIE B - RODADA 14
lAz1Yww5,Goiás,https://static.flashscore.com/res/image/data/xd3edbeM-G2OQQubE.png,Chapecoense,https://static.flashscore.com/res/image/data/v9EKoUeM-ALatFnbP.png,1,2,0,3,Miranda L. (Bra),Estádio da Serrinha (Goiânia),14450.0,5496.0,06/07/2024,17:00,BRASIL,SÉRIE B - RODADA 14
IkSHUexU,América-MG,https://static.flashscore.com/res/image/data/Eut0HLfM-nHqWQgSo.png,Operário,https://static.flashscore.com/res/image/data/IBwiT7Da-j1A6VkgC.png,2,0,3,0,P. Belence Alves dos Prazeres Filho (Bra),Mineirão (Belo Horizonte),61927.0,,06/07/2024,11:00,BRASIL,SÉRIE B - RODADA 14
n52RlaNo,Brusque,https://static.flashscore.com/res/image/data/4xrDsqil-Gjdd0gEp.png,Ponte Preta,https://static.flashscore.com/res/image/data/UVeNVSBr-4S2Tm4eJ.png,0,0,1,1,F. A. Santos Sá Júnior (Bra),Estádio Doutor Hercílio Luz (Itajaí),6010.0,499.0,05/07/2024,21:00,BRASIL,SÉRIE B - RODADA 14
MNfvnc74,Ceará,https://static.flashscore.com/res/image/data/lO0NK6f5-d29WsioJ.png,Santos,https://static.flashscore.com/res/image/data/rJGaKUhl-ALgHCh57.png,0,1,0,3,de Almeida Andrade E. R. (Bra),Castelão (Fortaleza),60326.0,,05/07/2024,19:00,BRASIL,SÉRIE B - RODADA 14
Ec9VIbwI,Novorizontino,https://static.flashscore.com/res/image/data/nuFzysBr-vFrLaFel.png,Mirassol,https://static.flashscore.com/res/image/data/SUmYTyAr-xxPxlUp4.png,1,1,1,1,L. Torezin (Bra),Estádio Dr. Jorge Ismael de Biasi (Novo Horizonte),14096.0,2339.0,02/07/2024,20:00,BRASIL,SÉRIE B - RODADA 13
vuHIL0ga,Goiás,https://static.flashscore.com/res/image/data/xd3edbeM-G2OQQubE.png,América-MG,https://static.flashscore.com/res/image/data/Eut0HLfM-nHqWQgSo.png,2,1,3,0,Klein R. (Bra),Estádio da Serrinha (Goiânia),14450.0,5941.0,02/07/2024,18:30,BRASIL,SÉRIE B - RODADA 13
novpxMwt,CRB,https://static.flashscore.com/res/image/data/QuqDEgh5-8z8OC8Ik.png,Brusque,https://static.flashscore.com/res/image/data/4xrDsqil-Gjdd0gEp.png,1,1,1,1,dos Santos F. (Bra),Estádio Rei Pelé (Maceió),19105.0,3005.0,01/07/2024,21:00,BRASIL,SÉRIE B - RODADA 13
rXDZHIhO,Santos,https://static.flashscore.com/res/image/data/rJGaKUhl-ALgHCh57.png,Chapecoense,https://static.flashscore.com/res/image/data/v9EKoUeM-ALatFnbP.png,1,0,3,0,J. Ferreira (Bra),Vila Belmiro (Santos),16068.0,9055.0,01/07/2024,19:00,BRASIL,SÉRIE B - RODADA 13
hrLMKK85,Guarani,https://static.flashscore.com/res/image/data/nVW3uzAr-bXbOazea.png,Ponte Preta,https://static.flashscore.com/res/image/data/UVeNVSBr-4S2Tm4eJ.png,1,1,1,1,Flávio Rodrigues de Souza (Bra),Estádio Brinco de Ouro (Campinas),29130.0,9626.0,30/06/2024,18:30,BRASIL,SÉRIE B - RODADA 13
hrshz08h,Paysandu,https://static.flashscore.com/res/image/data/OY3H2Kf5-Ui9AU98I.png,Operário,https://static.flashscore.com/res/image/data/IBwiT7Da-j1A6VkgC.png,1,1,1,1,Pereira Sampiao S. (Bra),Leonidas Sodre de Castro (Belem),16200.0,13241.0,30/06/2024,16:00,BRASIL,SÉRIE B - RODADA 13
MNCwHx8U,Avaí,https://static.flashscore.com/res/image/data/tGpYsdYg-2LNvhL4k.png,Amazonas,https://static.flashscore.com/res/image/data/AwwuFEYA-S2JgYHKO.png,1,1,1,1,Augusto V. C. M. (Bra),Ressacada (Florianópolis),17800.0,9508.0,30/06/2024,11:00,BRASIL,SÉRIE B - RODADA 13
WYudZJNb,Ceará,https://static.flashscore.com/res/image/data/lO0NK6f5-d29WsioJ.png,Ituano,https://static.flashscore.com/res/image/data/8xrvrrCa-GKJk5gu7.png,4,2,3,0,Anderson Gonçalves (Bra),Castelão (Fortaleza),60326.0,7919.0,29/06/2024,21:00,BRASIL,SÉRIE B - RODADA 13
z7ARJvOB,Botafogo-SP,https://static.flashscore.com/res/image/data/lduff8Ca-jF5yTdXD.png,Sport,https://static.flashscore.com/res/image/data/O0aua6ZA-G2OQQubE.png,1,1,1,1,Ferreira Y. (Bra),Estádio Santa Cruz (Ribeirão Preto),29292.0,3841.0,29/06/2024,17:00,BRASIL,SÉRIE B - RODADA 13
bLslytgn,Coritiba,https://static.flashscore.com/res/image/data/xKm8lie5-8f6Hj6B0.png,Vila Nova,https://static.flashscore.com/res/image/data/GMMaJNh5-nRWjgPsO.png,1,1,1,1,Ribeiro Serafim D. (Bra),Estádio Couto Pereira (Curitiba),40502.0,15065.0,29/06/2024,16:00,BRASIL,SÉRIE B - RODADA 13
6RIANMOn,Amazonas,https://static.flashscore.com/res/image/data/AwwuFEYA-S2JgYHKO.png,Coritiba,https://static.flashscore.com/res/image/data/xKm8lie5-8f6Hj6B0.png,1,0,3,0,de Almeida Andrade E. R. (Bra),Estádio Municipal Carlos Zamith (Manaus),6500.0,,25/06/2024,21:30,BRASIL,SÉRIE B - RODADA 12
ppvnLT2l,Ponte Preta,https://static.flashscore.com/res/image/data/UVeNVSBr-4S2Tm4eJ.png,Ceará,https://static.flashscore.com/res/image/data/lO0NK6f5-d29WsioJ.png,3,1,3,0,Policarpo Bento A. (Bra),Moisés Lucarelli (Campinas),17728.0,3538.0,25/06/2024,21:00,BRASIL,SÉRIE B - RODADA 12
zZWbIRn7,América-MG,https://static.flashscore.com/res/image/data/Eut0HLfM-nHqWQgSo.png,Avaí,https://static.flashscore.com/res/image/data/tGpYsdYg-2LNvhL4k.png,1,1,1,1,Correia B. (Bra),Estádio Raimundo Sampaio (Arena Independência) (Belo Horizonte),23018.0,2651.0,25/06/2024,19:00,BRASIL,SÉRIE B - RODADA 12
EJrjKmIf,Mirassol,https://static.flashscore.com/res/image/data/SUmYTyAr-xxPxlUp4.png,Santos,https://static.flashscore.com/res/image/data/rJGaKUhl-ALgHCh57.png,0,0,1,1,P. C. Zanovelli (Bra),Estádio José Maria de Campos Maia (Mirassol),15000.0,7432.0,25/06/2024,19:00,BRASIL,SÉRIE B - RODADA 12
pIHEMtvg,Sport,https://static.flashscore.com/res/image/data/O0aua6ZA-G2OQQubE.png,Novorizontino,https://static.flashscore.com/res/image/data/nuFzysBr-vFrLaFel.png,1,2,0,3,Monteiro A. (Bra),Arena Pernambuco (São Lourenço da Mata),44248.0,12438.0,24/06/2024,19:00,BRASIL,SÉRIE B - RODADA 12
6gurM9mr,Vila Nova,https://static.flashscore.com/res/image/data/GMMaJNh5-nRWjgPsO.png,Goiás,https://static.flashscore.com/res/image/data/xd3edbeM-G2OQQubE.png,1,0,3,0,da Silva Machado B. (Bra),Estádio Onésio Brasileiro Alvarenga (Goiânia),11788.0,8526.0,23/06/2024,18:30,BRASIL,SÉRIE B - RODADA 12
lxy3Ho2D,Chapecoense,https://static.flashscore.com/res/image/data/v9EKoUeM-ALatFnbP.png,Paysandu,https://static.flashscore.com/res/image/data/OY3H2Kf5-Ui9AU98I.png,1,2,0,3,Goncalves K. (Bra),Arena Condá (Chapecó),20089.0,5442.0,23/06/2024,16:00,BRASIL,SÉRIE B - RODADA 12
hAsfJ7X0,Ituano,https://static.flashscore.com/res/image/data/8xrvrrCa-GKJk5gu7.png,Brusque,https://static.flashscore.com/res/image/data/4xrDsqil-Gjdd0gEp.png,1,1,1,1,Oliveira M. (Bra),Estádio Novelli Júnior (Itu),18560.0,1017.0,22/06/2024,21:00,BRASIL,SÉRIE B - RODADA 12
2uPptVvE,CRB,https://static.flashscore.com/res/image/data/QuqDEgh5-8z8OC8Ik.png,Guarani,https://static.flashscore.com/res/image/data/nVW3uzAr-bXbOazea.png,1,0,3,0,Pereira Sampiao S. (Bra),Estádio Rei Pelé (Maceió),19105.0,2844.0,22/06/2024,17:00,BRASIL,SÉRIE B - RODADA 12
v5nEO29t,Operário,https://static.flashscore.com/res/image/data/IBwiT7Da-j1A6VkgC.png,Botafogo-SP,https://static.flashscore.com/res/image/data/lduff8Ca-jF5yTdXD.png,0,1,0,3,F. A. Santos Sá Júnior (Bra),Estádio Germano Krüger (Ponta Grossa),10632.0,2841.0,22/06/2024,17:00,BRASIL,SÉRIE B - RODADA 12
0C2FQkuR,Ceará,https://static.flashscore.com/res/image/data/lO0NK6f5-d29WsioJ.png,Sport,https://static.flashscore.com/res/image/data/O0aua6ZA-G2OQQubE.png,0,0,1,1,Klein R. (Bra),Castelão (Fortaleza),60326.0,12326.0,20/06/2024,21:30,BRASIL,SÉRIE B - RODADA 11
8IwxDWAR,Vila Nova,https://static.flashscore.com/res/image/data/GMMaJNh5-nRWjgPsO.png,Mirassol,https://static.flashscore.com/res/image/data/SUmYTyAr-xxPxlUp4.png,1,0,3,0,Ribeiro Serafim D. (Bra),Estádio Onésio Brasileiro Alvarenga (Goiânia),11788.0,3231.0,20/06/2024,19:00,BRASIL,SÉRIE B - RODADA 11
GO03Tie8,Brusque,https://static.flashscore.com/res/image/data/4xrDsqil-Gjdd0gEp.png,Avaí,https://static.flashscore.com/res/image/data/tGpYsdYg-2LNvhL4k.png,0,0,1,1,J. Pinheiro (Bra),Augusto Bauer (Brusque),5000.0,1587.0,19/06/2024,21:30,BRASIL,SÉRIE B - RODADA 11
fFa7SBAE,Coritiba,https://static.flashscore.com/res/image/data/xKm8lie5-8f6Hj6B0.png,América-MG,https://static.flashscore.com/res/image/data/Eut0HLfM-nHqWQgSo.png,1,0,3,0,Flávio Rodrigues de Souza (Bra),Estádio Couto Pereira (Curitiba),40502.0,16080.0,19/06/2024,21:30,BRASIL,SÉRIE B - RODADA 11
hjF87AYl,Botafogo-SP,https://static.flashscore.com/res/image/data/lduff8Ca-jF5yTdXD.png,Ponte Preta,https://static.flashscore.com/res/image/data/UVeNVSBr-4S2Tm4eJ.png,2,0,3,0,Vasconcelos B. (Bra),Estádio Santa Cruz (Ribeirão Preto),29292.0,2681.0,19/06/2024,21:00,BRASIL,SÉRIE B - RODADA 11
0GIG5l31,Santos,https://static.flashscore.com/res/image/data/rJGaKUhl-ALgHCh57.png,Goiás,https://static.flashscore.com/res/image/data/xd3edbeM-G2OQQubE.png,2,0,3,0,R. J. Pereira de Lima (Bra),Vila Belmiro (Santos),16068.0,8720.0,19/06/2024,19:00,BRASIL,SÉRIE B - RODADA 11
lxaBRVPK,Paysandu,https://static.flashscore.com/res/image/data/OY3H2Kf5-Ui9AU98I.png,CRB,https://static.flashscore.com/res/image/data/QuqDEgh5-8z8OC8Ik.png,1,1,1,1,M. Lima Barbosa (Bra),Leonidas Sodre de Castro (Belem),16200.0,11071.0,18/06/2024,21:30,BRASIL,SÉRIE B - RODADA 11
6gJC6Ume,Novorizontino,https://static.flashscore.com/res/image/data/nuFzysBr-vFrLaFel.png,Amazonas,https://static.flashscore.com/res/image/data/AwwuFEYA-S2JgYHKO.png,1,1,1,1,Miranda L. (Bra),Estádio Dr. Jorge Ismael de Biasi (Novo Horizonte),14096.0,1443.0,18/06/2024,21:00,BRASIL,SÉRIE B - RODADA 11
ARP38jJr,Guarani,https://static.flashscore.com/res/image/data/nVW3uzAr-bXbOazea.png,Ituano,https://static.flashscore.com/res/image/data/8xrvrrCa-GKJk5gu7.png,3,3,1,1,F. Fernandes de Lima (Bra),Estádio Brinco de Ouro (Campinas),29130.0,2849.0,18/06/2024,19:00,BRASIL,SÉRIE B - RODADA 11
v7HK48I7,Chapecoense,https://static.flashscore.com/res/image/data/v9EKoUeM-ALatFnbP.png,Operário,https://static.flashscore.com/res/image/data/IBwiT7Da-j1A6VkgC.png,0,1,0,3,Marcos André Gomes (Bra),Arena Condá (Chapecó),20089.0,1844.0,17/06/2024,21:00,BRASIL,SÉRIE B - RODADA 11
Mm0e0gRL,Goiás,https://static.flashscore.com/res/image/data/xd3edbeM-G2OQQubE.png,Coritiba,https://static.flashscore.com/res/image/data/xKm8lie5-8f6Hj6B0.png,1,1,1,1,P. Belence Alves dos Prazeres Filho (Bra),Estádio da Serrinha (Goiânia),14450.0,7631.0,16/06/2024,18:30,BRASIL,SÉRIE B - RODADA 10
0hvYDCeL,Sport,https://static.flashscore.com/res/image/data/O0aua6ZA-G2OQQubE.png,Mirassol,https://static.flashscore.com/res/image/data/SUmYTyAr-xxPxlUp4.png,1,0,3,0,Pereira Sampiao S. (Bra),Arena Pernambuco (São Lourenço da Mata),44248.0,14183.0,16/06/2024,18:30,BRASIL,SÉRIE B - RODADA 10
QZoLGEB2,Brusque,https://static.flashscore.com/res/image/data/4xrDsqil-Gjdd0gEp.png,Ceará,https://static.flashscore.com/res/image/data/lO0NK6f5-d29WsioJ.png,1,0,3,0,Delgado M. (Bra),Augusto Bauer (Brusque),5000.0,968.0,16/06/2024,16:00,BRASIL,SÉRIE B - RODADA 10
xE5QfXlq,Botafogo-SP,https://static.flashscore.com/res/image/data/lduff8Ca-jF5yTdXD.png,Vila Nova,https://static.flashscore.com/res/image/data/GMMaJNh5-nRWjgPsO.png,1,0,3,0,Moraes de Sousa A. D. (Bra),Estádio Santa Cruz (Ribeirão Preto),29292.0,3434.0,16/06/2024,11:00,BRASIL,SÉRIE B - RODADA 10
G44Ugi4k,Ituano,https://static.flashscore.com/res/image/data/8xrvrrCa-GKJk5gu7.png,Paysandu,https://static.flashscore.com/res/image/data/OY3H2Kf5-Ui9AU98I.png,3,5,0,3,F. A. Santos Sá Júnior (Bra),Estádio Novelli Júnior (Itu),18560.0,1546.0,15/06/2024,18:00,BRASIL,SÉRIE B - RODADA 10
KYIbaDtS,Ponte Preta,https://static.flashscore.com/res/image/data/UVeNVSBr-4S2Tm4eJ.png,Novorizontino,https://static.flashscore.com/res/image/data/nuFzysBr-vFrLaFel.png,1,0,3,0,Goncalves K. (Bra),Moisés Lucarelli (Campinas),17728.0,4426.0,15/06/2024,17:00,BRASIL,SÉRIE B - RODADA 10
YuaZhBJe,América-MG,https://static.flashscore.com/res/image/data/Eut0HLfM-nHqWQgSo.png,CRB,https://static.flashscore.com/res/image/data/QuqDEgh5-8z8OC8Ik.png,2,1,3,0,Lacerda D. (Bra),Mineirão (Belo Horizonte),61927.0,3572.0,15/06/2024,15:30,BRASIL,SÉRIE B - RODADA 10
CWcwhVY1,Avaí,https://static.flashscore.com/res/image/data/tGpYsdYg-2LNvhL4k.png,Guarani,https://static.flashscore.com/res/image/data/nVW3uzAr-bXbOazea.png,3,2,3,0,Correia B. (Bra),Ressacada (Florianópolis),17800.0,7719.0,14/06/2024,21:00,BRASIL,SÉRIE B - RODADA 10
vwjPFYQ8,Operário,https://static.flashscore.com/res/image/data/IBwiT7Da-j1A6VkgC.png,Santos,https://static.flashscore.com/res/image/data/rJGaKUhl-ALgHCh57.png,1,0,3,0,A. Gomes Stefano (Bra),Estádio Germano Krüger (Ponta Grossa),10632.0,7482.0,14/06/2024,19:00,BRASIL,SÉRIE B - RODADA 10
M1uUEhtF,Amazonas,https://static.flashscore.com/res/image/data/AwwuFEYA-S2JgYHKO.png,Chapecoense,https://static.flashscore.com/res/image/data/v9EKoUeM-ALatFnbP.png,0,1,0,3,M. Klein (Bra),Estádio Municipal Carlos Zamith (Manaus),6500.0,6752.0,13/06/2024,21:00,BRASIL,SÉRIE B - RODADA 10
tUvMofCS,Mirassol,https://static.flashscore.com/res/image/data/SUmYTyAr-xxPxlUp4.png,Goiás,https://static.flashscore.com/res/image/data/xd3edbeM-G2OQQubE.png,1,0,3,0,Ferreira Y. (Bra),Estádio José Maria de Campos Maia (Mirassol),15000.0,2528.0,11/06/2024,19:00,BRASIL,SÉRIE B - RODADA 9
vPAj1ZBF,Sport,https://static.flashscore.com/res/image/data/O0aua6ZA-G2OQQubE.png,Paysandu,https://static.flashscore.com/res/image/data/OY3H2Kf5-Ui9AU98I.png,1,0,3,0,Policarpo Bento A. (Bra),Arena Pernambuco (São Lourenço da Mata),44248.0,11707.0,10/06/2024,21:30,BRASIL,SÉRIE B - RODADA 9
MROKmGsG,Vila Nova,https://static.flashscore.com/res/image/data/GMMaJNh5-nRWjgPsO.png,Ceará,https://static.flashscore.com/res/image/data/lO0NK6f5-d29WsioJ.png,3,2,3,0,Padovani Andrade D. J. (Bra),Estádio Onésio Brasileiro Alvarenga (Goiânia),11788.0,3645.0,10/06/2024,19:00,BRASIL,SÉRIE B - RODADA 9
x0QitYZk,América-MG,https://static.flashscore.com/res/image/data/Eut0HLfM-nHqWQgSo.png,Ponte Preta,https://static.flashscore.com/res/image/data/UVeNVSBr-4S2Tm4eJ.png,2,0,3,0,Augusto V. C. M. (Bra),Mineirão (Belo Horizonte),61927.0,2910.0,09/06/2024,18:30,BRASIL,SÉRIE B - RODADA 9
j3Ueuhkd,Avaí,https://static.flashscore.com/res/image/data/tGpYsdYg-2LNvhL4k.png,Chapecoense,https://static.flashscore.com/res/image/data/v9EKoUeM-ALatFnbP.png,0,0,1,1,E. Alves Batista (Bra),Ressacada (Florianópolis),17800.0,14721.0,09/06/2024,16:00,BRASIL,SÉRIE B - RODADA 9
0YBn2Fd9,Amazonas,https://static.flashscore.com/res/image/data/AwwuFEYA-S2JgYHKO.png,Brusque,https://static.flashscore.com/res/image/data/4xrDsqil-Gjdd0gEp.png,2,1,3,0,Paulo Henrique (Bra),Estádio Municipal Carlos Zamith (Manaus),6500.0,5523.0,08/06/2024,17:00,BRASIL,SÉRIE B - RODADA 9
0INOnzcM,Guarani,https://static.flashscore.com/res/image/data/nVW3uzAr-bXbOazea.png,Operário,https://static.flashscore.com/res/image/data/IBwiT7Da-j1A6VkgC.png,0,1,0,3,J. Ferreira (Bra),Estádio Brinco de Ouro (Campinas),29130.0,2831.0,08/06/2024,17:00,BRASIL,SÉRIE B - RODADA 9
rwRmsEKq,Novorizontino,https://static.flashscore.com/res/image/data/nuFzysBr-vFrLaFel.png,Santos,https://static.flashscore.com/res/image/data/rJGaKUhl-ALgHCh57.png,3,1,3,0,Anderson Daronco (Bra),Estádio Dr. Jorge Ismael de Biasi (Novo Horizonte),14096.0,8263.0,07/06/2024,21:00,BRASIL,SÉRIE B - RODADA 9
Wb7r3es3,Coritiba,https://static.flashscore.com/res/image/data/xKm8lie5-8f6Hj6B0.png,Ituano,https://static.flashscore.com/res/image/data/8xrvrrCa-GKJk5gu7.png,4,2,3,0,Ribeiro Serafim D. (Bra),Estádio Couto Pereira (Curitiba),40502.0,15104.0,07/06/2024,19:00,BRASIL,SÉRIE B - RODADA 9
E1LCkxD3,Paysandu,https://static.flashscore.com/res/image/data/OY3H2Kf5-Ui9AU98I.png,América-MG,https://static.flashscore.com/res/image/data/Eut0HLfM-nHqWQgSo.png,2,0,3,0,Wagner do Nascimento (Bra),Leonidas Sodre de Castro (Belem),16200.0,8001.0,04/06/2024,21:30,BRASIL,SÉRIE B - RODADA 8
Y7Nqn36B,Mirassol,https://static.flashscore.com/res/image/data/SUmYTyAr-xxPxlUp4.png,Guarani,https://static.flashscore.com/res/image/data/nVW3uzAr-bXbOazea.png,3,0,3,0,F. A. Santos Sá Júnior (Bra),Estádio José Maria de Campos Maia (Mirassol),15000.0,2021.0,04/06/2024,19:00,BRASIL,SÉRIE B - RODADA 8
WxW7jIcc,Operário,https://static.flashscore.com/res/image/data/IBwiT7Da-j1A6VkgC.png,Amazonas,https://static.flashscore.com/res/image/data/AwwuFEYA-S2JgYHKO.png,1,0,3,0,Correia B. (Bra),Estádio Germano Krüger (Ponta Grossa),10632.0,2145.0,03/06/2024,21:00,BRASIL,SÉRIE B - RODADA 8
QuuITfjp,Santos,https://static.flashscore.com/res/image/data/rJGaKUhl-ALgHCh57.png,Botafogo-SP,https://static.flashscore.com/res/image/data/lduff8Ca-jF5yTdXD.png,1,2,0,3,Bauermann G. (Bra),Estádio do Café (Londrina),36056.0,11916.0,03/06/2024,20:00,BRASIL,SÉRIE B - RODADA 8
prRmoNLH,Ituano,https://static.flashscore.com/res/image/data/8xrvrrCa-GKJk5gu7.png,Avaí,https://static.flashscore.com/res/image/data/tGpYsdYg-2LNvhL4k.png,0,1,0,3,Vasconcelos B. (Bra),Estádio Novelli Júnior (Itu),18560.0,1255.0,02/06/2024,18:30,BRASIL,SÉRIE B - RODADA 8
4WwMSE5j,Chapecoense,https://static.flashscore.com/res/image/data/v9EKoUeM-ALatFnbP.png,Vila Nova,https://static.flashscore.com/res/image/data/GMMaJNh5-nRWjgPsO.png,1,1,1,1,Flávio Rodrigues de Souza (Bra),Arena Condá (Chapecó),20089.0,5046.0,02/06/2024,16:00,BRASIL,SÉRIE B - RODADA 8
voOumqi5,Ponte Preta,https://static.flashscore.com/res/image/data/UVeNVSBr-4S2Tm4eJ.png,CRB,https://static.flashscore.com/res/image/data/QuqDEgh5-8z8OC8Ik.png,4,2,3,0,Marcos André Gomes (Bra),Moisés Lucarelli (Campinas),17728.0,5104.0,02/06/2024,16:00,BRASIL,SÉRIE B - RODADA 8
hnX3ibri,Brusque,https://static.flashscore.com/res/image/data/4xrDsqil-Gjdd0gEp.png,Novorizontino,https://static.flashscore.com/res/image/data/nuFzysBr-vFrLaFel.png,0,0,1,1,Mendes F. (Bra),Augusto Bauer (Brusque),5000.0,374.0,01/06/2024,17:00,BRASIL,SÉRIE B - RODADA 8
0fPylPya,Goiás,https://static.flashscore.com/res/image/data/xd3edbeM-G2OQQubE.png,Sport,https://static.flashscore.com/res/image/data/O0aua6ZA-G2OQQubE.png,3,0,3,0,Luiz Flávio (Bra),Estádio da Serrinha (Goiânia),14450.0,7115.0,31/05/2024,21:30,BRASIL,SÉRIE B - RODADA 8
S4PGldS9,Ceará,https://static.flashscore.com/res/image/data/lO0NK6f5-d29WsioJ.png,Coritiba,https://static.flashscore.com/res/image/data/xKm8lie5-8f6Hj6B0.png,1,0,3,0,A. Gomes Stefano (Bra),Castelão (Fortaleza),60326.0,32829.0,31/05/2024,19:00,BRASIL,SÉRIE B - RODADA 8
4SVSko7n,Amazonas,https://static.flashscore.com/res/image/data/AwwuFEYA-S2JgYHKO.png,Mirassol,https://static.flashscore.com/res/image/data/SUmYTyAr-xxPxlUp4.png,1,0,3,0,P. Belence Alves dos Prazeres Filho (Bra),Arena da Amazônia (Manaus),44300.0,,28/05/2024,19:00,BRASIL,SÉRIE B - RODADA 7
UBEGnFuP,Avaí,https://static.flashscore.com/res/image/data/tGpYsdYg-2LNvhL4k.png,Goiás,https://static.flashscore.com/res/image/data/xd3edbeM-G2OQQubE.png,2,0,3,0,Anderson Daronco (Bra),Ressacada (Florianópolis),17800.0,3495.0,27/05/2024,21:30,BRASIL,SÉRIE B - RODADA 7
Ig25kHe6,Botafogo-SP,https://static.flashscore.com/res/image/data/lduff8Ca-jF5yTdXD.png,Novorizontino,https://static.flashscore.com/res/image/data/nuFzysBr-vFrLaFel.png,0,1,0,3,Pereira Sampiao S. (Bra),Estádio Santa Cruz (Ribeirão Preto),29292.0,2110.0,27/05/2024,21:00,BRASIL,SÉRIE B - RODADA 7
A5WOjRit,Coritiba,https://static.flashscore.com/res/image/data/xKm8lie5-8f6Hj6B0.png,Operário,https://static.flashscore.com/res/image/data/IBwiT7Da-j1A6VkgC.png,3,0,3,0,F. Fernandes de Lima (Bra),Estádio Couto Pereira (Curitiba),40502.0,8548.0,27/05/2024,19:00,BRASIL,SÉRIE B - RODADA 7
rJUWl5Mh,Ceará,https://static.flashscore.com/res/image/data/lO0NK6f5-d29WsioJ.png,Chapecoense,https://static.flashscore.com/res/image/data/v9EKoUeM-ALatFnbP.png,2,1,3,0,M. Lima Barbosa (Bra),Castelão (Fortaleza),60326.0,14288.0,26/05/2024,18:30,BRASIL,SÉRIE B - RODADA 7
MR8diwRg,Vila Nova,https://static.flashscore.com/res/image/data/GMMaJNh5-nRWjgPsO.png,Brusque,https://static.flashscore.com/res/image/data/4xrDsqil-Gjdd0gEp.png,2,2,1,1,,,,,26/05/2024,17:00,BRASIL,SÉRIE B - RODADA 7
dp19lyBC,Ituano,https://static.flashscore.com/res/image/data/8xrvrrCa-GKJk5gu7.png,Ponte Preta,https://static.flashscore.com/res/image/data/UVeNVSBr-4S2Tm4eJ.png,2,0,3,0,J. Pinheiro (Bra),Estádio Novelli Júnior (Itu),18560.0,1745.0,26/05/2024,16:00,BRASIL,SÉRIE B - RODADA 7
zVC0jct0,Guarani,https://static.flashscore.com/res/image/data/nVW3uzAr-bXbOazea.png,Paysandu,https://static.flashscore.com/res/image/data/OY3H2Kf5-Ui9AU98I.png,0,0,1,1,Ferreira Y. (Bra),Estádio Brinco de Ouro (Campinas),29130.0,2997.0,25/05/2024,21:00,BRASIL,SÉRIE B - RODADA 7
jLFCmeQI,América-MG,https://static.flashscore.com/res/image/data/Eut0HLfM-nHqWQgSo.png,Santos,https://static.flashscore.com/res/image/data/rJGaKUhl-ALgHCh57.png,2,1,3,0,Wilton Sampaio (Bra),Mineirão (Belo Horizonte),61927.0,5455.0,24/05/2024,21:30,BRASIL,SÉRIE B - RODADA 7
GQuzzxdJ,Chapecoense,https://static.flashscore.com/res/image/data/v9EKoUeM-ALatFnbP.png,Ponte Preta,https://static.flashscore.com/res/image/data/UVeNVSBr-4S2Tm4eJ.png,0,0,1,1,Vasconcelos B. (Bra),Arena Condá (Chapecó),20089.0,5254.0,21/05/2024,17:00,BRASIL,SÉRIE B - RODADA 6
E1qJwKdf,Guarani,https://static.flashscore.com/res/image/data/nVW3uzAr-bXbOazea.png,América-MG,https://static.flashscore.com/res/image/data/Eut0HLfM-nHqWQgSo.png,1,2,0,3,Anderson Gonçalves (Bra),Estádio Brinco de Ouro (Campinas),29130.0,3562.0,20/05/2024,21:00,BRASIL,SÉRIE B - RODADA 6
rylNxvC0,Mirassol,https://static.flashscore.com/res/image/data/SUmYTyAr-xxPxlUp4.png,Ituano,https://static.flashscore.com/res/image/data/8xrvrrCa-GKJk5gu7.png,2,0,3,0,Monteiro A. (Bra),Estádio José Maria de Campos Maia (Mirassol),15000.0,1782.0,19/05/2024,16:00,BRASIL,SÉRIE B - RODADA 6
8KSLculQ,Operário,https://static.flashscore.com/res/image/data/IBwiT7Da-j1A6VkgC.png,Ceará,https://static.flashscore.com/res/image/data/lO0NK6f5-d29WsioJ.png,0,0,1,1,Flávio Rodrigues de Souza (Bra),Estádio Germano Krüger (Ponta Grossa),10632.0,3617.0,19/05/2024,16:00,BRASIL,SÉRIE B - RODADA 6
4jxWzItD,Santos,https://static.flashscore.com/res/image/data/rJGaKUhl-ALgHCh57.png,Brusque,https://static.flashscore.com/res/image/data/4xrDsqil-Gjdd0gEp.png,4,0,3,0,Miranda L. (Bra),Vila Belmiro (Santos),16068.0,10325.0,19/05/2024,11:00,BRASIL,SÉRIE B - RODADA 6
S49hhJBm,Sport,https://static.flashscore.com/res/image/data/O0aua6ZA-G2OQQubE.png,Avaí,https://static.flashscore.com/res/image/data/tGpYsdYg-2LNvhL4k.png,1,2,0,3,A. Gomes Stefano (Bra),Arena Pernambuco (São Lourenço da Mata),44248.0,13447.0,18/05/2024,21:00,BRASIL,SÉRIE B - RODADA 6
zBpFv0sl,Goiás,https://static.flashscore.com/res/image/data/xd3edbeM-G2OQQubE.png,Botafogo-SP,https://static.flashscore.com/res/image/data/lduff8Ca-jF5yTdXD.png,4,0,3,0,Oliveira M. (Bra),Estádio da Serrinha (Goiânia),14450.0,6649.0,18/05/2024,18:30,BRASIL,SÉRIE B - RODADA 6
lEAlgads,Amazonas,https://static.flashscore.com/res/image/data/AwwuFEYA-S2JgYHKO.png,Paysandu,https://static.flashscore.com/res/image/data/OY3H2Kf5-Ui9AU98I.png,1,1,1,1,Luiz Flávio (Bra),Estádio Municipal Carlos Zamith (Manaus),6500.0,,18/05/2024,17:30,BRASIL,SÉRIE B - RODADA 6
MRnRybR6,Novorizontino,https://static.flashscore.com/res/image/data/nuFzysBr-vFrLaFel.png,Coritiba,https://static.flashscore.com/res/image/data/xKm8lie5-8f6Hj6B0.png,0,0,1,1,Bauermann G. (Bra),Estádio Dr. Jorge Ismael de Biasi (Novo Horizonte),14096.0,1406.0,17/05/2024,21:30,BRASIL,SÉRIE B - RODADA 6
UTTHbLYJ,CRB,https://static.flashscore.com/res/image/data/QuqDEgh5-8z8OC8Ik.png,Vila Nova,https://static.flashscore.com/res/image/data/GMMaJNh5-nRWjgPsO.png,1,0,3,0,Paulo Henrique (Bra),Estádio Rei Pelé (Maceió),19105.0,3793.0,17/05/2024,19:00,BRASIL,SÉRIE B - RODADA 6
hneAutSs,Ceará,https://static.flashscore.com/res/image/data/lO0NK6f5-d29WsioJ.png,Amazonas,https://static.flashscore.com/res/image/data/AwwuFEYA-S2JgYHKO.png,2,1,3,0,Marcos André Gomes (Bra),Castelão (Fortaleza),60326.0,13017.0,15/05/2024,21:30,BRASIL,SÉRIE B - RODADA 5
GQ3rpMJQ,Paysandu,https://static.flashscore.com/res/image/data/OY3H2Kf5-Ui9AU98I.png,Goiás,https://static.flashscore.com/res/image/data/xd3edbeM-G2OQQubE.png,1,1,1,1,Delgado M. (Bra),Leonidas Sodre de Castro (Belem),16200.0,5102.0,15/05/2024,21:30,BRASIL,SÉRIE B - RODADA 5
Eu8rRtDl,Ponte Preta,https://static.flashscore.com/res/image/data/UVeNVSBr-4S2Tm4eJ.png,Santos,https://static.flashscore.com/res/image/data/rJGaKUhl-ALgHCh57.png,1,2,0,3,Marcelo de Lima (Bra),Moisés Lucarelli (Campinas),17728.0,7499.0,15/05/2024,21:30,BRASIL,SÉRIE B - RODADA 5
4U0eOvc7,América-MG,https://static.flashscore.com/res/image/data/Eut0HLfM-nHqWQgSo.png,Mirassol,https://static.flashscore.com/res/image/data/SUmYTyAr-xxPxlUp4.png,0,0,1,1,Ribeiro Serafim D. (Bra),Mineirão (Belo Horizonte),61927.0,2423.0,15/05/2024,19:00,BRASIL,SÉRIE B - RODADA 5
rD5znrkE,Brusque,https://static.flashscore.com/res/image/data/4xrDsqil-Gjdd0gEp.png,Operário,https://static.flashscore.com/res/image/data/IBwiT7Da-j1A6VkgC.png,0,0,1,1,Policarpo Bento A. (Bra),Augusto Bauer (Brusque),5000.0,403.0,15/05/2024,19:00,BRASIL,SÉRIE B - RODADA 5
A71iPKs1,Ituano,https://static.flashscore.com/res/image/data/8xrvrrCa-GKJk5gu7.png,Sport,https://static.flashscore.com/res/image/data/O0aua6ZA-G2OQQubE.png,1,0,3,0,J. Ferreira (Bra),Estádio Novelli Júnior (Itu),18560.0,1970.0,15/05/2024,19:00,BRASIL,SÉRIE B - RODADA 5
d4cmQ0Sf,Botafogo-SP,https://static.flashscore.com/res/image/data/lduff8Ca-jF5yTdXD.png,Chapecoense,https://static.flashscore.com/res/image/data/v9EKoUeM-ALatFnbP.png,0,0,1,1,Padovani Andrade D. J. (Bra),Estádio Santa Cruz (Ribeirão Preto),29292.0,1883.0,14/05/2024,21:30,BRASIL,SÉRIE B - RODADA 5
M34vo24K,Coritiba,https://static.flashscore.com/res/image/data/xKm8lie5-8f6Hj6B0.png,Guarani,https://static.flashscore.com/res/image/data/nVW3uzAr-bXbOazea.png,1,0,3,0,J. Pinheiro (Bra),Estádio Couto Pereira (Curitiba),40502.0,9541.0,14/05/2024,21:30,BRASIL,SÉRIE B - RODADA 5
rLaaNbCD,Avaí,https://static.flashscore.com/res/image/data/tGpYsdYg-2LNvhL4k.png,CRB,https://static.flashscore.com/res/image/data/QuqDEgh5-8z8OC8Ik.png,2,1,3,0,Ferreira Y. (Bra),Ressacada (Florianópolis),17800.0,3975.0,14/05/2024,19:00,BRASIL,SÉRIE B - RODADA 5
zk9vSMcr,Vila Nova,https://static.flashscore.com/res/image/data/GMMaJNh5-nRWjgPsO.png,Novorizontino,https://static.flashscore.com/res/image/data/nuFzysBr-vFrLaFel.png,2,1,3,0,,,,,14/05/2024,19:00,BRASIL,SÉRIE B - RODADA 5
zyU5DNrk,Mirassol,https://static.flashscore.com/res/image/data/SUmYTyAr-xxPxlUp4.png,Paysandu,https://static.flashscore.com/res/image/data/OY3H2Kf5-Ui9AU98I.png,2,1,3,0,Goncalves K. (Bra),Estádio José Maria de Campos Maia (Mirassol),15000.0,1621.0,12/05/2024,16:00,BRASIL,SÉRIE B - RODADA 4
AgMIALS7,Avaí,https://static.flashscore.com/res/image/data/tGpYsdYg-2LNvhL4k.png,Coritiba,https://static.flashscore.com/res/image/data/xKm8lie5-8f6Hj6B0.png,1,0,3,0,Lacerda D. (Bra),Ressacada (Florianópolis),17800.0,7618.0,11/05/2024,21:00,BRASIL,SÉRIE B - RODADA 4
46I8XrzL,Amazonas,https://static.flashscore.com/res/image/data/AwwuFEYA-S2JgYHKO.png,Santos,https://static.flashscore.com/res/image/data/rJGaKUhl-ALgHCh57.png,1,0,3,0,Augusto V. C. M. (Bra),Estádio Municipal Carlos Zamith (Manaus),6500.0,17672.0,11/05/2024,17:00,BRASIL,SÉRIE B - RODADA 4
tEU1E3Tr,Guarani,https://static.flashscore.com/res/image/data/nVW3uzAr-bXbOazea.png,Botafogo-SP,https://static.flashscore.com/res/image/data/lduff8Ca-jF5yTdXD.png,2,0,3,0,E. Alves Batista (Bra),Estádio Brinco de Ouro (Campinas),29130.0,3843.0,11/05/2024,17:00,BRASIL,SÉRIE B - RODADA 4
MsT3YOKE,Operário,https://static.flashscore.com/res/image/data/IBwiT7Da-j1A6VkgC.png,Ponte Preta,https://static.flashscore.com/res/image/data/UVeNVSBr-4S2Tm4eJ.png,1,1,1,1,Wagner do Nascimento (Bra),Estádio Germano Krüger (Ponta Grossa),10632.0,3979.0,11/05/2024,17:00,BRASIL,SÉRIE B - RODADA 4
rcHCW2kR,Sport,https://static.flashscore.com/res/image/data/O0aua6ZA-G2OQQubE.png,Brusque,https://static.flashscore.com/res/image/data/4xrDsqil-Gjdd0gEp.png,4,1,3,0,Vitor Gobi J. (Bra),Arena Pernambuco (São Lourenço da Mata),44248.0,25705.0,11/05/2024,17:00,BRASIL,SÉRIE B - RODADA 4
OdA0Z458,CRB,https://static.flashscore.com/res/image/data/QuqDEgh5-8z8OC8Ik.png,Chapecoense,https://static.flashscore.com/res/image/data/v9EKoUeM-ALatFnbP.png,2,0,3,0,Correia B. (Bra),Estádio Rei Pelé (Maceió),19105.0,3671.0,10/05/2024,21:30,BRASIL,SÉRIE B - RODADA 4
Uy2YVVbG,Goiás,https://static.flashscore.com/res/image/data/xd3edbeM-G2OQQubE.png,Ituano,https://static.flashscore.com/res/image/data/8xrvrrCa-GKJk5gu7.png,2,0,3,0,F. A. Santos Sá Júnior (Bra),Estádio Serra Dourada (Goiânia),50049.0,7057.0,10/05/2024,21:30,BRASIL,SÉRIE B - RODADA 4
ERS9Csbe,Novorizontino,https://static.flashscore.com/res/image/data/nuFzysBr-vFrLaFel.png,Ceará,https://static.flashscore.com/res/image/data/lO0NK6f5-d29WsioJ.png,0,3,0,3,L. Torezin (Bra),Estádio Dr. Jorge Ismael de Biasi (Novo Horizonte),14096.0,1962.0,10/05/2024,19:00,BRASIL,SÉRIE B - RODADA 4
W2NEB1D1,América-MG,https://static.flashscore.com/res/image/data/Eut0HLfM-nHqWQgSo.png,Vila Nova,https://static.flashscore.com/res/image/data/GMMaJNh5-nRWjgPsO.png,3,1,3,0,de Almeida Andrade E. R. (Bra),Estádio Raimundo Sampaio (Arena Independência) (Belo Horizonte),23018.0,1974.0,08/05/2024,21:00,BRASIL,SÉRIE B - RODADA 4
ARoaHWqN,Botafogo-SP,https://static.flashscore.com/res/image/data/lduff8Ca-jF5yTdXD.png,Mirassol,https://static.flashscore.com/res/image/data/SUmYTyAr-xxPxlUp4.png,0,0,1,1,Holanda L. (Bra),Estádio Santa Cruz (Ribeirão Preto),29292.0,2755.0,07/05/2024,21:00,BRASIL,SÉRIE B - RODADA 3
6cXUBA7p,Santos,https://static.flashscore.com/res/image/data/rJGaKUhl-ALgHCh57.png,Guarani,https://static.flashscore.com/res/image/data/nVW3uzAr-bXbOazea.png,4,1,3,0,P. Belence Alves dos Prazeres Filho (Bra),Vila Belmiro (Santos),16068.0,,06/05/2024,21:00,BRASIL,SÉRIE B - RODADA 3
hjifICUG,Ponte Preta,https://static.flashscore.com/res/image/data/UVeNVSBr-4S2Tm4eJ.png,Amazonas,https://static.flashscore.com/res/image/data/AwwuFEYA-S2JgYHKO.png,3,0,3,0,Silva E. (Bra),Moisés Lucarelli (Campinas),17728.0,4446.0,06/05/2024,20:00,BRASIL,SÉRIE B - RODADA 3
nDCTWBqA,Ceará,https://static.flashscore.com/res/image/data/lO0NK6f5-d29WsioJ.png,CRB,https://static.flashscore.com/res/image/data/QuqDEgh5-8z8OC8Ik.png,2,2,1,1,Mendes F. (Bra),Castelão (Fortaleza),60326.0,11503.0,06/05/2024,19:00,BRASIL,SÉRIE B - RODADA 3
M5FHZDai,Brusque,https://static.flashscore.com/res/image/data/4xrDsqil-Gjdd0gEp.png,Goiás,https://static.flashscore.com/res/image/data/xd3edbeM-G2OQQubE.png,0,2,0,3,A. Gomes Stefano (Bra),Estádio Doutor Hercílio Luz (Itajaí),6010.0,940.0,05/05/2024,16:00,BRASIL,SÉRIE B - RODADA 3
lIp3GjaT,Ituano,https://static.flashscore.com/res/image/data/8xrvrrCa-GKJk5gu7.png,Novorizontino,https://static.flashscore.com/res/image/data/nuFzysBr-vFrLaFel.png,1,3,0,3,Wagner do Nascimento (Bra),Estádio Novelli Júnior (Itu),18560.0,1118.0,04/05/2024,21:00,BRASIL,SÉRIE B - RODADA 3
EahjJhFA,Vila Nova,https://static.flashscore.com/res/image/data/GMMaJNh5-nRWjgPsO.png,Operário,https://static.flashscore.com/res/image/data/IBwiT7Da-j1A6VkgC.png,1,0,3,0,D. Marques (Bra),Estádio Onésio Brasileiro Alvarenga (Goiânia),11788.0,5168.0,04/05/2024,18:00,BRASIL,SÉRIE B - RODADA 3
K0yZAUMj,Chapecoense,https://static.flashscore.com/res/image/data/v9EKoUeM-ALatFnbP.png,América-MG,https://static.flashscore.com/res/image/data/Eut0HLfM-nHqWQgSo.png,2,2,1,1,Miranda L. (Bra),Arena Condá (Chapecó),20089.0,4503.0,04/05/2024,17:00,BRASIL,SÉRIE B - RODADA 3
0dELYXEc,Coritiba,https://static.flashscore.com/res/image/data/xKm8lie5-8f6Hj6B0.png,Sport,https://static.flashscore.com/res/image/data/O0aua6ZA-G2OQQubE.png,0,1,0,3,Vinícius Araújo (Bra),Estádio Couto Pereira (Curitiba),40502.0,17974.0,03/05/2024,21:30,BRASIL,SÉRIE B - RODADA 3
8MDPXiU3,Paysandu,https://static.flashscore.com/res/image/data/OY3H2Kf5-Ui9AU98I.png,Avaí,https://static.flashscore.com/res/image/data/tGpYsdYg-2LNvhL4k.png,0,0,1,1,Marielson Alves Silva (Bra),Leonidas Sodre de Castro (Belem),16200.0,9303.0,03/05/2024,19:00,BRASIL,SÉRIE B - RODADA 3
0dSG4g0H,Mirassol,https://static.flashscore.com/res/image/data/SUmYTyAr-xxPxlUp4.png,Ceará,https://static.flashscore.com/res/image/data/lO0NK6f5-d29WsioJ.png,3,2,3,0,Anderson Gonçalves (Bra),Estádio José Maria de Campos Maia (Mirassol),15000.0,2172.0,29/04/2024,19:30,BRASIL,SÉRIE B - RODADA 2
SrU86FV4,Goiás,https://static.flashscore.com/res/image/data/xd3edbeM-G2OQQubE.png,Ponte Preta,https://static.flashscore.com/res/image/data/UVeNVSBr-4S2Tm4eJ.png,3,0,3,0,Mourao P. (Bra),Estádio da Serrinha (Goiânia),14450.0,6460.0,28/04/2024,18:30,BRASIL,SÉRIE B - RODADA 2
Qw0wMfVi,Coritiba,https://static.flashscore.com/res/image/data/xKm8lie5-8f6Hj6B0.png,Brusque,https://static.flashscore.com/res/image/data/4xrDsqil-Gjdd0gEp.png,1,0,3,0,dos Santos F. (Bra),Estádio Couto Pereira (Curitiba),40502.0,16085.0,28/04/2024,16:00,BRASIL,SÉRIE B - RODADA 2
dOLP2XUT,América-MG,https://static.flashscore.com/res/image/data/Eut0HLfM-nHqWQgSo.png,Novorizontino,https://static.flashscore.com/res/image/data/nuFzysBr-vFrLaFel.png,2,0,3,0,Oliveira M. (Bra),Mineirão (Belo Horizonte),61927.0,2841.0,27/04/2024,18:00,BRASIL,SÉRIE B - RODADA 2
nm1ZMzGo,CRB,https://static.flashscore.com/res/image/data/QuqDEgh5-8z8OC8Ik.png,Amazonas,https://static.flashscore.com/res/image/data/AwwuFEYA-S2JgYHKO.png,0,0,1,1,Monteiro A. (Bra),Estádio Rei Pelé (Maceió),19105.0,4492.0,27/04/2024,17:00,BRASIL,SÉRIE B - RODADA 2
82krLEpb,Paysandu,https://static.flashscore.com/res/image/data/OY3H2Kf5-Ui9AU98I.png,Botafogo-SP,https://static.flashscore.com/res/image/data/lduff8Ca-jF5yTdXD.png,1,1,1,1,J. de Lima (Bra),Leonidas Sodre de Castro (Belem),16200.0,10320.0,27/04/2024,17:00,BRASIL,SÉRIE B - RODADA 2
6ZSC5ZpB,Guarani,https://static.flashscore.com/res/image/data/nVW3uzAr-bXbOazea.png,Chapecoense,https://static.flashscore.com/res/image/data/v9EKoUeM-ALatFnbP.png,0,1,0,3,Sousa M. (Bra),Estádio Brinco de Ouro (Campinas),29130.0,4405.0,26/04/2024,21:00,BRASIL,SÉRIE B - RODADA 2
bX7ibiwo,Avaí,https://static.flashscore.com/res/image/data/tGpYsdYg-2LNvhL4k.png,Santos,https://static.flashscore.com/res/image/data/rJGaKUhl-ALgHCh57.png,0,2,0,3,L. Torezin (Bra),Ressacada (Florianópolis),17800.0,10979.0,26/04/2024,20:00,BRASIL,SÉRIE B - RODADA 2
EaWK3DFN,Ituano,https://static.flashscore.com/res/image/data/8xrvrrCa-GKJk5gu7.png,Operário,https://static.flashscore.com/res/image/data/IBwiT7Da-j1A6VkgC.png,0,2,0,3,Prado B. (Bra),Estádio Novelli Júnior (Itu),18560.0,1268.0,26/04/2024,19:00,BRASIL,SÉRIE B - RODADA 2
KxgnKYa4,Sport,https://static.flashscore.com/res/image/data/O0aua6ZA-G2OQQubE.png,Vila Nova,https://static.flashscore.com/res/image/data/GMMaJNh5-nRWjgPsO.png,2,0,3,0,Goncalves K. (Bra),Arena Pernambuco (São Lourenço da Mata),44248.0,14282.0,26/04/2024,19:00,BRASIL,SÉRIE B - RODADA 2
E5e0AcWu,Brusque,https://static.flashscore.com/res/image/data/4xrDsqil-Gjdd0gEp.png,Mirassol,https://static.flashscore.com/res/image/data/SUmYTyAr-xxPxlUp4.png,3,1,3,0,J. Ferreira (Bra),Estádio Doutor Hercílio Luz (Itajaí),6010.0,,23/04/2024,21:00,BRASIL,SÉRIE B - RODADA 1
8SYYgxna,Vila Nova,https://static.flashscore.com/res/image/data/GMMaJNh5-nRWjgPsO.png,Guarani,https://static.flashscore.com/res/image/data/nVW3uzAr-bXbOazea.png,2,0,3,0,Martins W. (Bra),Estádio Onésio Brasileiro Alvarenga (Goiânia),11788.0,4315.0,22/04/2024,21:00,BRASIL,SÉRIE B - RODADA 1
K2xwgd15,Ponte Preta,https://static.flashscore.com/res/image/data/UVeNVSBr-4S2Tm4eJ.png,Coritiba,https://static.flashscore.com/res/image/data/xKm8lie5-8f6Hj6B0.png,1,1,1,1,Emerson Ferreira (Bra),Moisés Lucarelli (Campinas),17728.0,5512.0,21/04/2024,18:00,BRASIL,SÉRIE B - RODADA 1
0McC7eGb,Ceará,https://static.flashscore.com/res/image/data/lO0NK6f5-d29WsioJ.png,Goiás,https://static.flashscore.com/res/image/data/xd3edbeM-G2OQQubE.png,1,1,1,1,Bellote L. (Bra),Castelão (Fortaleza),60326.0,25803.0,20/04/2024,18:00,BRASIL,SÉRIE B - RODADA 1
MVb88y1h,Amazonas,https://static.flashscore.com/res/image/data/AwwuFEYA-S2JgYHKO.png,Sport,https://static.flashscore.com/res/image/data/O0aua6ZA-G2OQQubE.png,2,3,0,3,Wagner do Nascimento (Bra),Estádio Municipal Carlos Zamith (Manaus),6500.0,2190.0,20/04/2024,17:00,BRASIL,SÉRIE B - RODADA 1
AiVkjfoO,Santos,https://static.flashscore.com/res/image/data/rJGaKUhl-ALgHCh57.png,Paysandu,https://static.flashscore.com/res/image/data/OY3H2Kf5-Ui9AU98I.png,2,0,3,0,L. Horn (Bra),Vila Belmiro (Santos),16068.0,,20/04/2024,16:30,BRASIL,SÉRIE B - RODADA 1
lrUgkE0U,Chapecoense,https://static.flashscore.com/res/image/data/v9EKoUeM-ALatFnbP.png,Ituano,https://static.flashscore.com/res/image/data/8xrvrrCa-GKJk5gu7.png,3,1,3,0,Mendes F. (Bra),Arena Condá (Chapecó),20089.0,5013.0,20/04/2024,15:30,BRASIL,SÉRIE B - RODADA 1
S8a49Hon,Operário,https://static.flashscore.com/res/image/data/IBwiT7Da-j1A6VkgC.png,Avaí,https://static.flashscore.com/res/image/data/tGpYsdYg-2LNvhL4k.png,1,0,3,0,F. A. Santos Sá Júnior (Bra),Estádio Germano Krüger (Ponta Grossa),10632.0,,19/04/2024,21:00,BRASIL,SÉRIE B - RODADA 1
2RRshGGB,Botafogo-SP,https://static.flashscore.com/res/image/data/lduff8Ca-jF5yTdXD.png,América-MG,https://static.flashscore.com/res/image/data/Eut0HLfM-nHqWQgSo.png,1,1,1,1,Bauermann G. (Bra),Estádio Santa Cruz (Ribeirão Preto),29292.0,3640.0,19/04/2024,19:00,BRASIL,SÉRIE B - RODADA 1
tIQoizWH,Novorizontino,https://static.flashscore.com/res/image/data/nuFzysBr-vFrLaFel.png,CRB,https://static.flashscore.com/res/image/data/QuqDEgh5-8z8OC8Ik.png,2,1,3,0,Padovani Andrade D. J. (Bra),Estádio Dr. Jorge Ismael de Biasi (Novo Horizonte),14096.0,1485.0,19/04/2024,19:00,BRASIL,SÉRIE B - RODADA 1
